DateTime,ProShares Name,Ticker,NAV,Prior NAV,NAV Change (%),NAV Change ($),holdings,Assets Under Management
10/15/2021,ProShares Bitcoin ETF,BITO,40,40,0,0,0,0
10/18/2021,ProShares Bitcoin ETF,BITO,40,40,0,0,500,20000040
10/19/2021,ProShares Bitcoin ETF,BITO,41.9527,40,4.88175,1.9527,13610,570976289
10/20/2021,ProShares Bitcoin ETF,BITO,43.2615,41.9527,3.1197,1.3088,25620,1108359673
10/21/2021,ProShares Bitcoin ETF,BITO,40.7586,43.2615,-5.78551,-2.5029,29670,1209307703
10/22/2021,ProShares Bitcoin ETF,BITO,39.4724,40.7586,-3.15565,-1.2862,29670,1171146147
10/25/2021,ProShares Bitcoin ETF,BITO,40.5436,39.4724,2.71379,1.0712,30190,1224011325
10/26/2021,ProShares Bitcoin ETF,BITO,40.0452,40.5436,-1.22929,-0.4984,29560,1183736152
10/27/2021,ProShares Bitcoin ETF,BITO,38.0649,40.0452,-4.94516,-1.9803,29680,1129766270
10/28/2021,ProShares Bitcoin ETF,BITO,39.57,38.0649,3.95404,1.5051,29760,1177603240
10/29/2021,ProShares Bitcoin ETF,BITO,40.3532,39.57,1.97928,0.7832,30360,1225123192
11/01/2021,ProShares Bitcoin ETF,BITO,39.4591,40.3532,-2.21569,-0.8941,30960,1221653775
11/02/2021,ProShares Bitcoin ETF,BITO,40.9946,39.4591,3.89137,1.5355,31310,1283540967
11/03/2021,ProShares Bitcoin ETF,BITO,40.3843,40.9946,-1.48873,-0.6103,32010,1292701483
11/04/2021,ProShares Bitcoin ETF,BITO,39.2938,40.3843,-2.70031,-1.0905,32060,1259759267
11/05/2021,ProShares Bitcoin ETF,BITO,39.3042,39.2938,0.02647,0.0104,32160,1264023111
11/08/2021,ProShares Bitcoin ETF,BITO,42.5686,39.3042,8.30547,3.2644,32360,1377519939
11/09/2021,ProShares Bitcoin ETF,BITO,43.2984,42.5686,1.71441,0.7298,32660,1414125787
11/10/2021,ProShares Bitcoin ETF,BITO,42.304,43.2984,-2.29662,-0.9944,33960,1436643882
11/11/2021,ProShares Bitcoin ETF,BITO,41.6516,42.304,-1.54217,-0.6524,33980,1415321410
11/12/2021,ProShares Bitcoin ETF,BITO,41.1271,41.6516,-1.25926,-0.5245,34000,1398321441
11/15/2021,ProShares Bitcoin ETF,BITO,40.9138,41.1271,-0.51864,-0.2133,34350,1405389071
11/16/2021,ProShares Bitcoin ETF,BITO,38.2366,40.9138,-6.54351,-2.6772,34750,1328721888
11/17/2021,ProShares Bitcoin ETF,BITO,38.7259,38.2366,1.27966,0.4893,36750,1423176864
11/18/2021,ProShares Bitcoin ETF,BITO,37.1462,38.7259,-4.07918,-1.5797,36850,1368837507
11/19/2021,ProShares Bitcoin ETF,BITO,37.0776,37.1462,-0.18468,-0.0686,38050,1410802717
11/22/2021,ProShares Bitcoin ETF,BITO,35.7187,37.0776,-3.66502,-1.3589,38070,1359810945
11/23/2021,ProShares Bitcoin ETF,BITO,37.0103,35.7187,3.61603,1.2916,37530,1388996596
11/24/2021,ProShares Bitcoin ETF,BITO,36.6721,37.0103,-0.9138,-0.3382,37530,1376303950
11/26/2021,ProShares Bitcoin ETF,BITO,34.5275,36.6721,-5.84804,-2.1446,37530,1295817110
11/29/2021,ProShares Bitcoin ETF,BITO,37.0814,34.5275,7.39671,2.5539,38830,1439870799
11/30/2021,ProShares Bitcoin ETF,BITO,36.6373,37.0814,-1.19764,-0.4441,39130,1433617586
12/01/2021,ProShares Bitcoin ETF,BITO,36.1379,36.6373,-1.36309,-0.4994,39800,1438288456
12/02/2021,ProShares Bitcoin ETF,BITO,36.2459,36.1379,0.29886,0.108,39800,1442586856
12/03/2021,ProShares Bitcoin ETF,BITO,33.9453,36.2459,-6.3472,-2.3006,40100,1361206564
12/06/2021,ProShares Bitcoin ETF,BITO,31.0463,33.9453,-8.54021,-2.899,40420,1254891477
12/07/2021,ProShares Bitcoin ETF,BITO,32.0749,31.0463,3.31312,1.0286,40820,1309297450
12/08/2021,ProShares Bitcoin ETF,BITO,32.2757,32.0749,0.62603,0.2008,41120,1327176816
12/09/2021,ProShares Bitcoin ETF,BITO,30.2152,32.2757,-6.38406,-2.0605,41320,1248492094
12/10/2021,ProShares Bitcoin ETF,BITO,30.7191,30.2152,1.6677,0.5039,41260,1267470097
12/13/2021,ProShares Bitcoin ETF,BITO,29.5174,30.7191,-3.9119,-1.2017,41020,1210803778
12/14/2021,ProShares Bitcoin ETF,BITO,30.3205,29.5174,2.72077,0.8031,41020,1243746940
12/15/2021,ProShares Bitcoin ETF,BITO,31.2561,30.3205,3.0857,0.9356,40220,1257120373
12/16/2021,ProShares Bitcoin ETF,BITO,30.4068,31.2561,-2.71723,-0.8493,40220,1222961526
12/17/2021,ProShares Bitcoin ETF,BITO,29.2942,30.4068,-3.65905,-1.1126,40220,1178212753
12/20/2021,ProShares Bitcoin ETF,BITO,29.8099,29.2942,1.76042,0.5157,40220,1198954208
12/21/2021,ProShares Bitcoin ETF,BITO,30.8338,29.8099,3.43476,1.0239,40220,1240135467
12/22/2021,ProShares Bitcoin ETF,BITO,31.0578,30.8338,0.72648,0.224,39520,1227404287
12/23/2021,ProShares Bitcoin ETF,BITO,32.331,31.0578,4.09945,1.2732,39620,1280954252
12/27/2021,ProShares Bitcoin ETF,BITO,32.4655,32.331,0.41601,0.1345,39960,1297321412
12/28/2021,ProShares Bitcoin ETF,BITO,30.2347,32.4655,-6.87129,-2.2308,40160,1214225582
12/29/2021,ProShares Bitcoin ETF,BITO,29.9553,30.2347,-0.9241,-0.2794,40100,1201207560
12/30/2021,ProShares Bitcoin ETF,BITO,29.8046,29.9553,-0.50308,-0.1507,40100,1195164490
12/31/2021,ProShares Bitcoin ETF,BITO,28.9134,29.8046,-2.99014,-0.8912,40100,1159427369
01/03/2022,ProShares Bitcoin ETF,BITO,28.9451,28.9134,0.10964,0.0317,40100,1160698539
01/04/2022,ProShares Bitcoin ETF,BITO,29.2172,28.9451,0.94006,0.2721,40100,1171609749
01/05/2022,ProShares Bitcoin ETF,BITO,27.6537,29.2172,-5.3513,-1.5635,40100,1108913398
01/06/2022,ProShares Bitcoin ETF,BITO,27.2606,27.6537,-1.42151,-0.3931,40100,1093150087
01/07/2022,ProShares Bitcoin ETF,BITO,26.4031,27.2606,-3.14557,-0.8575,39100,1032361236
01/10/2022,ProShares Bitcoin ETF,BITO,26.3216,26.4031,-0.30868,-0.0815,38950,1025226346
01/11/2022,ProShares Bitcoin ETF,BITO,26.9893,26.3216,2.5367,0.6677,38950,1051233262
01/12/2022,ProShares Bitcoin ETF,BITO,27.6277,26.9893,2.36538,0.6384,38550,1065047863
01/13/2022,ProShares Bitcoin ETF,BITO,26.9015,27.6277,-2.62852,-0.7262,38650,1039743002
01/14/2022,ProShares Bitcoin ETF,BITO,27.182,26.9015,1.04269,0.2805,38650,1050584327
01/18/2022,ProShares Bitcoin ETF,BITO,26.2506,27.182,-3.42653,-0.9314,38900,1021148366
01/19/2022,ProShares Bitcoin ETF,BITO,26.1927,26.2506,-0.22057,-0.0579,39100,1024134596
01/20/2022,ProShares Bitcoin ETF,BITO,26.8809,26.1927,2.62745,0.6882,39200,1053731307
01/21/2022,ProShares Bitcoin ETF,BITO,24.0556,26.8809,-10.51044,-2.8253,39950,961021244.1
01/24/2022,ProShares Bitcoin ETF,BITO,23.4511,24.0556,-2.51293,-0.6045,40150,941561688.5
01/25/2022,ProShares Bitcoin ETF,BITO,23.2185,23.4511,-0.99185,-0.2326,40450,939188348.2
01/26/2022,ProShares Bitcoin ETF,BITO,23.3271,23.2185,0.46773,0.1086,40600,947080283.3
01/27/2022,ProShares Bitcoin ETF,BITO,22.3731,23.3271,-4.08966,-0.954,40400,903873262.4
01/28/2022,ProShares Bitcoin ETF,BITO,23.7647,22.3731,6.21997,1.3916,40400,960093903.8
01/31/2022,ProShares Bitcoin ETF,BITO,24.1969,23.7647,1.81866,0.4322,40400,977554784.2
02/01/2022,ProShares Bitcoin ETF,BITO,24.2633,24.1969,0.27442,0.0664,40400,980237344.3
02/02/2022,ProShares Bitcoin ETF,BITO,23.6029,24.2633,-2.72181,-0.6604,40250,950016748.6
02/03/2022,ProShares Bitcoin ETF,BITO,22.8022,23.6029,-3.39238,-0.8007,40250,917788572.8
02/04/2022,ProShares Bitcoin ETF,BITO,25.5449,22.8022,12.02823,2.7427,40150,1025627761
02/07/2022,ProShares Bitcoin ETF,BITO,27.8051,25.5449,8.84795,2.2602,41250,1146960403
02/08/2022,ProShares Bitcoin ETF,BITO,27.8682,27.8051,0.22694,0.0631,41450,1155136918
02/09/2022,ProShares Bitcoin ETF,BITO,28.1902,27.8682,1.15544,0.322,41600,1172712348
02/10/2022,ProShares Bitcoin ETF,BITO,27.7529,28.1902,-1.55125,-0.4373,41870,1162013951
02/11/2022,ProShares Bitcoin ETF,BITO,26.6305,27.7529,-4.04426,-1.1224,42270,1125671262
02/14/2022,ProShares Bitcoin ETF,BITO,26.5109,26.6305,-0.44911,-0.1196,42620,1129894585
02/15/2022,ProShares Bitcoin ETF,BITO,27.773,26.5109,4.76068,1.2621,42620,1183685288
02/16/2022,ProShares Bitcoin ETF,BITO,27.7455,27.773,-0.09902,-0.0275,42670,1183900513
02/17/2022,ProShares Bitcoin ETF,BITO,25.6895,27.7455,-7.41021,-2.056,42870,1101308891
02/18/2022,ProShares Bitcoin ETF,BITO,25.0944,25.6895,-2.31651,-0.5951,42920,1077051673
02/22/2022,ProShares Bitcoin ETF,BITO,23.8186,25.0944,-5.084,-1.2758,43690,1040634658
02/23/2022,ProShares Bitcoin ETF,BITO,23.6358,23.8186,-0.76747,-0.1828,41990,992467265.6
02/24/2022,ProShares Bitcoin ETF,BITO,24.0835,23.6358,1.89416,0.4477,42040,1012470364
02/25/2022,ProShares Bitcoin ETF,BITO,24.5314,24.0835,1.85978,0.4479,41440,1016581241
02/28/2022,ProShares Bitcoin ETF,BITO,26.337,24.5314,7.36036,1.8056,42210,1111684796
03/01/2022,ProShares Bitcoin ETF,BITO,27.7481,26.337,5.35786,1.4111,42710,1185121379
03/02/2022,ProShares Bitcoin ETF,BITO,27.5496,27.7481,-0.71536,-0.1985,42710,1176643444
03/03/2022,ProShares Bitcoin ETF,BITO,26.4012,27.5496,-4.16848,-1.1484,42510,1122315038
03/04/2022,ProShares Bitcoin ETF,BITO,24.8064,26.4012,-6.04063,-1.5948,42510,1054520089
03/07/2022,ProShares Bitcoin ETF,BITO,23.5393,24.8064,-5.10796,-1.2671,42110,991239946.5
03/08/2022,ProShares Bitcoin ETF,BITO,24.1459,23.5393,2.57697,0.6066,42360,1022820348
03/09/2022,ProShares Bitcoin ETF,BITO,26.2843,24.1459,8.85616,2.1384,43010,1130487769
03/10/2022,ProShares Bitcoin ETF,BITO,24.8507,26.2843,-5.45421,-1.4336,43110,1071313702
03/11/2022,ProShares Bitcoin ETF,BITO,24.0324,24.8507,-3.29286,-0.8183,43410,1043246508
03/14/2022,ProShares Bitcoin ETF,BITO,24.3414,24.0324,1.28576,0.309,43330,1054712886
03/15/2022,ProShares Bitcoin ETF,BITO,24.9254,24.3414,2.3992,0.584,43630,1087495227
03/16/2022,ProShares Bitcoin ETF,BITO,25.6505,24.9254,2.90908,0.7251,44080,1130674066
03/17/2022,ProShares Bitcoin ETF,BITO,25.6286,25.6505,-0.08538,-0.0219,44250,1134065576
03/18/2022,ProShares Bitcoin ETF,BITO,26.3885,25.6286,2.96505,0.7599,44770,1181413171
03/21/2022,ProShares Bitcoin ETF,BITO,25.8396,26.3885,-2.08007,-0.5489,45120,1165882778
03/22/2022,ProShares Bitcoin ETF,BITO,26.5793,25.8396,2.86266,0.7397,45600,1212016107
03/23/2022,ProShares Bitcoin ETF,BITO,26.4893,26.5793,-0.33861,-0.09,45720,1211090822
03/24/2022,ProShares Bitcoin ETF,BITO,27.6213,26.4893,4.27342,1.132,46060,1272237106
03/25/2022,ProShares Bitcoin ETF,BITO,27.9225,27.6213,1.09046,0.3012,46210,1290298753
03/28/2022,ProShares Bitcoin ETF,BITO,30.1252,27.9225,7.88862,2.2027,45750,1378227930
03/29/2022,ProShares Bitcoin ETF,BITO,29.9568,30.1252,-0.559,-0.1684,45690,1368726222
03/30/2022,ProShares Bitcoin ETF,BITO,29.5277,29.9568,-1.4324,-0.4291,45690,1349120643
03/31/2022,ProShares Bitcoin ETF,BITO,28.5854,29.5277,-3.19124,-0.9423,45330,1295776211
04/01/2022,ProShares Bitcoin ETF,BITO,29.0917,28.5854,1.77118,0.5063,45330,1318726790
04/04/2022,ProShares Bitcoin ETF,BITO,28.7998,29.0917,-1.00338,-0.2919,45230,1302614983
04/05/2022,ProShares Bitcoin ETF,BITO,28.8312,28.7998,0.10903,0.0314,44930,1295385845
04/06/2022,ProShares Bitcoin ETF,BITO,27.345,28.8312,-5.15483,-1.4862,44240,1209742827
04/07/2022,ProShares Bitcoin ETF,BITO,27.0963,27.345,-0.90949,-0.2487,42940,1163515149
04/08/2022,ProShares Bitcoin ETF,BITO,26.6778,27.0963,-1.54449,-0.4185,42640,1137541419
04/11/2022,ProShares Bitcoin ETF,BITO,24.9541,26.6778,-6.46118,-1.7237,42640,1064042849
04/12/2022,ProShares Bitcoin ETF,BITO,24.5303,24.9541,-1.69832,-0.4238,42790,1049651562
04/13/2022,ProShares Bitcoin ETF,BITO,25.673,24.5303,4.65832,1.1427,42590,1093413096
04/14/2022,ProShares Bitcoin ETF,BITO,24.8626,25.673,-3.15662,-0.8104,42740,1062627549
04/18/2022,ProShares Bitcoin ETF,BITO,25.4052,24.8626,2.18239,0.5426,43470,1104364069
04/19/2022,ProShares Bitcoin ETF,BITO,25.9199,25.4052,2.02596,0.5147,43770,1134514049
04/20/2022,ProShares Bitcoin ETF,BITO,25.7421,25.9199,-0.68596,-0.1778,43520,1120296218
04/21/2022,ProShares Bitcoin ETF,BITO,25.7501,25.7421,0.03108,0.008,44220,1138669448
04/22/2022,ProShares Bitcoin ETF,BITO,24.629,25.7501,-4.35377,-1.1211,43970,1082937155
04/25/2022,ProShares Bitcoin ETF,BITO,25.1047,24.629,1.93146,0.4757,43670,1096322274
04/26/2022,ProShares Bitcoin ETF,BITO,23.8761,25.1047,-4.8939,-1.2286,43520,1039087896
04/27/2022,ProShares Bitcoin ETF,BITO,24.275,23.8761,1.67071,0.3989,43020,1044310524
04/28/2022,ProShares Bitcoin ETF,BITO,24.9425,24.275,2.74974,0.6675,40440,1008674725
04/29/2022,ProShares Bitcoin ETF,BITO,23.8526,24.9425,-4.36965,-1.0899,40240,959828647.9
05/02/2022,ProShares Bitcoin ETF,BITO,24.0056,23.8526,0.64144,0.153,39670,952302176
05/03/2022,ProShares Bitcoin ETF,BITO,23.4454,24.0056,-2.33362,-0.5602,41770,979314381.4
05/04/2022,ProShares Bitcoin ETF,BITO,24.8465,23.4454,5.97601,1.4011,41120,1021688105
05/05/2022,ProShares Bitcoin ETF,BITO,22.587,24.8465,-9.09384,-2.2595,41120,928777462.6
05/06/2022,ProShares Bitcoin ETF,BITO,22.375,22.587,-0.93859,-0.212,41780,934827522.4
05/09/2022,ProShares Bitcoin ETF,BITO,19.2562,22.375,-13.93877,-3.1188,41780,804524055.3
05/10/2022,ProShares Bitcoin ETF,BITO,19.4752,19.2562,1.1373,0.219,41800,814063379.5
05/11/2022,ProShares Bitcoin ETF,BITO,18.1747,19.4752,-6.67772,-1.3005,41270,750069887.2
05/12/2022,ProShares Bitcoin ETF,BITO,17.7907,18.1747,-2.11283,-0.384,41520,738669881.8
05/13/2022,ProShares Bitcoin ETF,BITO,18.6978,17.7907,5.09873,0.9071,40510,757447896.7
05/16/2022,ProShares Bitcoin ETF,BITO,18.3652,18.6978,-1.77882,-0.3326,41160,755911650.4
05/17/2022,ProShares Bitcoin ETF,BITO,18.6747,18.3652,1.68525,0.3095,41810,780789225.7
05/18/2022,ProShares Bitcoin ETF,BITO,18.1621,18.6747,-2.74489,-0.5126,41390,751729337.2
05/19/2022,ProShares Bitcoin ETF,BITO,18.6361,18.1621,2.60983,0.474,41240,768552782.6
05/20/2022,ProShares Bitcoin ETF,BITO,18.2077,18.6361,-2.29876,-0.4284,39650,721935323.2
05/23/2022,ProShares Bitcoin ETF,BITO,18.0633,18.2077,-0.79307,-0.1444,40450,730660503.1
05/24/2022,ProShares Bitcoin ETF,BITO,18.2346,18.0633,0.94833,0.1713,39950,728472288.2
05/25/2022,ProShares Bitcoin ETF,BITO,18.3533,18.2346,0.65096,0.1187,41010,752668851.4
05/26/2022,ProShares Bitcoin ETF,BITO,18.2522,18.3533,-0.55085,-0.1011,41110,750347960.3
05/27/2022,ProShares Bitcoin ETF,BITO,17.9004,18.2522,-1.92744,-0.3518,40910,732305381.9
05/31/2022,ProShares Bitcoin ETF,BITO,19.6594,17.9004,9.8266,1.759,41910,823925473.7
06/01/2022,ProShares Bitcoin ETF,BITO,18.656,19.6594,-5.10392,-1.0034,42760,797730578.7
06/02/2022,ProShares Bitcoin ETF,BITO,18.8131,18.656,0.84209,0.1571,43360,815736034.8
06/03/2022,ProShares Bitcoin ETF,BITO,18.3414,18.8131,-2.5073,-0.4717,43360,795283122.3
06/06/2022,ProShares Bitcoin ETF,BITO,19.5543,18.3414,6.61291,1.2129,43410,848852182.6
06/07/2022,ProShares Bitcoin ETF,BITO,19.2787,19.5543,-1.40941,-0.2756,44300,854046429.3
06/08/2022,ProShares Bitcoin ETF,BITO,18.6776,19.2787,-3.11795,-0.6011,44580,832647426.7
06/09/2022,ProShares Bitcoin ETF,BITO,18.5885,18.6776,-0.47704,-0.0891,44660,830162428.6
06/10/2022,ProShares Bitcoin ETF,BITO,17.9544,18.5885,-3.41125,-0.6341,44270,794841306
06/13/2022,ProShares Bitcoin ETF,BITO,14.3424,17.9544,-20.11763,-3.612,46280,663766286.3
06/14/2022,ProShares Bitcoin ETF,BITO,13.7276,14.3424,-4.28659,-0.6148,48690,668396857.7
06/15/2022,ProShares Bitcoin ETF,BITO,13.4205,13.7276,-2.2371,-0.3071,49540,664851583.4
06/16/2022,ProShares Bitcoin ETF,BITO,12.8975,13.4205,-3.89702,-0.523,50590,652484537.9
06/17/2022,ProShares Bitcoin ETF,BITO,12.7067,12.8975,-1.47936,-0.1908,50930,647152243.7
06/21/2022,ProShares Bitcoin ETF,BITO,12.9488,12.7067,1.90529,0.2421,51330,664661916.9
06/22/2022,ProShares Bitcoin ETF,BITO,12.4657,12.9488,-3.73085,-0.4831,52260,651457494.5
06/23/2022,ProShares Bitcoin ETF,BITO,12.9492,12.4657,3.87864,0.4835,52350,677890632.9
06/24/2022,ProShares Bitcoin ETF,BITO,13.1615,12.9492,1.63948,0.2123,52790,694795598.2
06/27/2022,ProShares Bitcoin ETF,BITO,12.8756,13.1615,-2.17224,-0.2859,52910,681248008.9
06/28/2022,ProShares Bitcoin ETF,BITO,12.4869,12.8756,-3.01889,-0.3887,52970,661431105.5
06/29/2022,ProShares Bitcoin ETF,BITO,12.4894,12.4869,0.02002,0.0025,51820,647200720.5
06/30/2022,ProShares Bitcoin ETF,BITO,11.6118,12.4894,-7.02676,-0.8776,51810,601607369.6
07/01/2022,ProShares Bitcoin ETF,BITO,11.9485,11.6118,2.89964,0.3367,51260,612480121.9
07/05/2022,ProShares Bitcoin ETF,BITO,12.6122,11.9485,5.55467,0.6637,50820,640952016.6
07/06/2022,ProShares Bitcoin ETF,BITO,12.5438,12.6122,-0.54233,-0.0684,51190,642117134.5
07/07/2022,ProShares Bitcoin ETF,BITO,13.5157,12.5438,7.74805,0.9719,51890,701329686.5
07/08/2022,ProShares Bitcoin ETF,BITO,13.4623,13.5157,-0.3951,-0.0534,52900,712155683.5
07/11/2022,ProShares Bitcoin ETF,BITO,12.6536,13.4623,-6.00715,-0.8087,53430,676081860.7
07/12/2022,ProShares Bitcoin ETF,BITO,11.9486,12.6536,-5.57154,-0.705,53280,636621419.9
07/13/2022,ProShares Bitcoin ETF,BITO,12.1288,11.9486,1.50813,0.1802,53280,646222476.1
07/14/2022,ProShares Bitcoin ETF,BITO,12.7493,12.1288,5.11592,0.6205,52490,669210769.7
07/15/2022,ProShares Bitcoin ETF,BITO,13.0996,12.7493,2.7476,0.3503,52490,687598017.1
07/18/2022,ProShares Bitcoin ETF,BITO,13.3624,13.0996,2.00617,0.2628,51390,686693749.4
07/19/2022,ProShares Bitcoin ETF,BITO,14.4996,13.3624,8.51045,1.1372,52100,755429174.5
07/20/2022,ProShares Bitcoin ETF,BITO,14.646,14.4996,1.00968,0.1464,52900,774773414.6
07/21/2022,ProShares Bitcoin ETF,BITO,14.3608,14.646,-1.94729,-0.2852,53310,765574262.4
07/22/2022,ProShares Bitcoin ETF,BITO,13.9757,14.3608,-2.68161,-0.3851,53460,747140936
07/25/2022,ProShares Bitcoin ETF,BITO,13.5307,13.9757,-3.1841,-0.445,53760,727410445.5
07/26/2022,ProShares Bitcoin ETF,BITO,12.9253,13.5307,-4.47427,-0.6054,54150,699905007.9
07/27/2022,ProShares Bitcoin ETF,BITO,14.087,12.9253,8.9878,1.1617,54470,767318904.1
07/28/2022,ProShares Bitcoin ETF,BITO,14.7715,14.087,4.85909,0.6845,54320,802387894.8
07/29/2022,ProShares Bitcoin ETF,BITO,14.8031,14.7715,0.21393,0.0316,53710,795074515.8
08/01/2022,ProShares Bitcoin ETF,BITO,14.2097,14.8031,-4.00862,-0.5934,53780,764197680.2
08/02/2022,ProShares Bitcoin ETF,BITO,14.1878,14.2097,-0.15412,-0.0219,54910,779052112.2
08/03/2022,ProShares Bitcoin ETF,BITO,14.5197,14.1878,2.33933,0.3319,55990,812958017.5
08/04/2022,ProShares Bitcoin ETF,BITO,13.8538,14.5197,-4.58618,-0.6659,56020,776089889.9
08/05/2022,ProShares Bitcoin ETF,BITO,14.1689,13.8538,2.27447,0.3151,56020,793741792.2
08/08/2022,ProShares Bitcoin ETF,BITO,14.7952,14.1689,4.42024,0.6263,55950,827791454.8
08/09/2022,ProShares Bitcoin ETF,BITO,14.2264,14.7952,-3.84449,-0.5688,55650,791699174.2
08/10/2022,ProShares Bitcoin ETF,BITO,14.5914,14.2264,2.56565,0.365,55750,813470564.6
08/11/2022,ProShares Bitcoin ETF,BITO,14.9551,14.5914,2.49256,0.3637,55200,825521535
08/12/2022,ProShares Bitcoin ETF,BITO,14.9498,14.9551,-0.03544,-0.0053,55050,822986504.9
08/15/2022,ProShares Bitcoin ETF,BITO,14.8004,14.9498,-0.99934,-0.1494,55550,822162234.8
08/16/2022,ProShares Bitcoin ETF,BITO,14.7665,14.8004,-0.22905,-0.0339,55040,812748174.8
08/17/2022,ProShares Bitcoin ETF,BITO,14.3276,14.7665,-2.97227,-0.4389,54040,774263518.3
08/18/2022,ProShares Bitcoin ETF,BITO,14.3888,14.3276,0.42715,0.0612,54510,784333502.4
08/19/2022,ProShares Bitcoin ETF,BITO,13.0926,14.3888,-9.0084,-1.2962,54310,711059119.1
08/22/2022,ProShares Bitcoin ETF,BITO,12.9275,13.0926,-1.26102,-0.1651,53320,689294312.9
08/23/2022,ProShares Bitcoin ETF,BITO,13.2462,12.9275,2.46529,0.3187,52910,700856455.2
08/24/2022,ProShares Bitcoin ETF,BITO,13.3527,13.2462,0.804,0.1065,52960,707159005.4
08/25/2022,ProShares Bitcoin ETF,BITO,13.255,13.3527,-0.73169,-0.0977,52960,701984813.3
08/26/2022,ProShares Bitcoin ETF,BITO,12.5903,13.255,-5.01471,-0.6647,52690,663382919.6
08/29/2022,ProShares Bitcoin ETF,BITO,12.3043,12.5903,-2.27159,-0.286,52290,643391859.3
08/30/2022,ProShares Bitcoin ETF,BITO,12.1846,12.3043,-0.97283,-0.1197,51640,629212756.2
08/31/2022,ProShares Bitcoin ETF,BITO,12.368,12.1846,1.50518,0.1834,51510,637075692.4
09/01/2022,ProShares Bitcoin ETF,BITO,12.1371,12.368,-1.86691,-0.2309,51660,627002598.1
09/02/2022,ProShares Bitcoin ETF,BITO,12.1859,12.1371,0.40207,0.0488,51090,622577643.2
09/06/2022,ProShares Bitcoin ETF,BITO,11.4894,12.1859,-5.71562,-0.6965,49660,570563615.5
09/07/2022,ProShares Bitcoin ETF,BITO,11.6657,11.4894,1.53446,0.1763,48600,566953031.7
09/08/2022,ProShares Bitcoin ETF,BITO,11.8709,11.6657,1.759,0.2052,49800,591170831.9
09/09/2022,ProShares Bitcoin ETF,BITO,13.1542,11.8709,10.81047,1.2833,50960,670338045.2
09/12/2022,ProShares Bitcoin ETF,BITO,13.8411,13.1542,5.22191,0.6869,51260,709494799.8
09/13/2022,ProShares Bitcoin ETF,BITO,12.4765,13.8411,-9.85904,-1.3646,50540,630562322.5
09/14/2022,ProShares Bitcoin ETF,BITO,12.2818,12.4765,-1.56053,-0.1947,49990,613967194.3
09/15/2022,ProShares Bitcoin ETF,BITO,12.1601,12.2818,-0.9909,-0.1217,50990,620043511.2
09/16/2022,ProShares Bitcoin ETF,BITO,12.0641,12.1601,-0.78947,-0.096,49840,601274756.1
09/19/2022,ProShares Bitcoin ETF,BITO,12.0061,12.0641,-0.48077,-0.058,49840,598384036
09/20/2022,ProShares Bitcoin ETF,BITO,11.6772,12.0061,-2.73944,-0.3289,50100,585027731.7
09/21/2022,ProShares Bitcoin ETF,BITO,11.6925,11.6772,0.13102,0.0153,50870,594797486.7
09/22/2022,ProShares Bitcoin ETF,BITO,11.8854,11.6925,1.64978,0.1929,50520,600450419.9
09/23/2022,ProShares Bitcoin ETF,BITO,11.5437,11.8854,-2.87496,-0.3417,50270,580301810.5
09/26/2022,ProShares Bitcoin ETF,BITO,11.8133,11.5437,2.33547,0.2696,50620,597989257.8
09/27/2022,ProShares Bitcoin ETF,BITO,11.7351,11.8133,-0.66197,-0.0782,50990,598372760.7
09/28/2022,ProShares Bitcoin ETF,BITO,12.0514,11.7351,2.69533,0.3163,51540,621129168.1
09/29/2022,ProShares Bitcoin ETF,BITO,11.9582,12.0514,-0.77335,-0.0932,51290,613336090
09/30/2022,ProShares Bitcoin ETF,BITO,11.9843,11.9582,0.21826,0.0261,51440,616472404
10/03/2022,ProShares Bitcoin ETF,BITO,12.0422,11.9843,0.48313,0.0579,52290,629686650
10/04/2022,ProShares Bitcoin ETF,BITO,12.508,12.0422,3.86806,0.4658,51830,648289652.5
10/05/2022,ProShares Bitcoin ETF,BITO,12.4196,12.508,-0.70675,-0.0884,51830,643707880.4
10/06/2022,ProShares Bitcoin ETF,BITO,12.3515,12.4196,-0.54833,-0.0681,51830,640178257.4
10/07/2022,ProShares Bitcoin ETF,BITO,11.9793,12.3515,-3.0134,-0.3722,52460,628434090
10/10/2022,ProShares Bitcoin ETF,BITO,11.8006,11.9793,-1.49174,-0.1787,52460,619059487.8
10/11/2022,ProShares Bitcoin ETF,BITO,11.6616,11.8006,-1.17791,-0.139,52580,613166939.7
10/12/2022,ProShares Bitcoin ETF,BITO,11.7794,11.6616,1.01015,0.1178,52710,620892185.8
10/13/2022,ProShares Bitcoin ETF,BITO,11.9375,11.7794,1.34217,0.1581,52810,630419386.9
10/14/2022,ProShares Bitcoin ETF,BITO,11.7884,11.9375,-1.24901,-0.1491,52630,620423503.8
10/17/2022,ProShares Bitcoin ETF,BITO,12.0359,11.7884,2.09952,0.2475,52710,634412301
10/18/2022,ProShares Bitcoin ETF,BITO,11.8331,12.0359,-1.68496,-0.2028,52710,623722712.8
10/19/2022,ProShares Bitcoin ETF,BITO,11.8456,11.8331,0.10564,0.0125,52710,624381587.8
10/20/2022,ProShares Bitcoin ETF,BITO,11.7384,11.8456,-0.90498,-0.1072,52710,618731075.7
10/21/2022,ProShares Bitcoin ETF,BITO,11.8373,11.7384,0.84253,0.0989,52670,623470602.8
10/24/2022,ProShares Bitcoin ETF,BITO,11.9306,11.8373,0.78819,0.0933,52610,627668877.9
10/25/2022,ProShares Bitcoin ETF,BITO,12.5306,11.9306,5.02908,0.6,54020,676903024.5
10/26/2022,ProShares Bitcoin ETF,BITO,12.8337,12.5306,2.41888,0.3031,54190,695458215.8
10/27/2022,ProShares Bitcoin ETF,BITO,12.7826,12.8337,-0.39817,-0.0511,54040,690771716.8
10/28/2022,ProShares Bitcoin ETF,BITO,12.7526,12.7826,-0.23469,-0.03,54040,689150516.8
10/31/2022,ProShares Bitcoin ETF,BITO,12.563,12.7526,-1.48676,-0.1896,54040,678904532.6
11/01/2022,ProShares Bitcoin ETF,BITO,12.624,12.563,0.48555,0.061,54040,682200972.6
11/02/2022,ProShares Bitcoin ETF,BITO,12.4932,12.624,-1.03612,-0.1308,53960,674133084.5
11/03/2022,ProShares Bitcoin ETF,BITO,12.505,12.4932,0.09445,0.0118,52680,658763412.5
11/04/2022,ProShares Bitcoin ETF,BITO,13.0447,12.505,4.31587,0.5397,52680,687194809
11/07/2022,ProShares Bitcoin ETF,BITO,12.8584,13.0447,-1.42817,-0.1863,53830,692167684.9
11/08/2022,ProShares Bitcoin ETF,BITO,11.1515,12.8584,-13.27459,-1.7069,52820,589022241.2
11/09/2022,ProShares Bitcoin ETF,BITO,9.6274,11.1515,-13.66722,-1.5241,53250,512659059.6
11/10/2022,ProShares Bitcoin ETF,BITO,10.9478,9.6274,13.71502,1.3204,54060,591838078.9
11/11/2022,ProShares Bitcoin ETF,BITO,9.8482,10.9478,-10.04403,-1.0996,54260,534363341.8
11/14/2022,ProShares Bitcoin ETF,BITO,9.8343,9.8482,-0.14114,-0.0139,54120,532232325.8
11/15/2022,ProShares Bitcoin ETF,BITO,10.2581,9.8343,4.30941,0.4238,54030,554245153.3
11/16/2022,ProShares Bitcoin ETF,BITO,10.0034,10.2581,-2.48292,-0.2547,54500,545185310
11/17/2022,ProShares Bitcoin ETF,BITO,10.1431,10.0034,1.39653,0.1397,54410,551886081.1
11/18/2022,ProShares Bitcoin ETF,BITO,10.1409,10.1431,-0.02169,-0.0022,54410,551766379.1
11/21/2022,ProShares Bitcoin ETF,BITO,9.607,10.1409,-5.26482,-0.5339,53390,512917739.6
11/22/2022,ProShares Bitcoin ETF,BITO,9.7754,9.607,1.75289,0.1684,53330,521322091.8
11/23/2022,ProShares Bitcoin ETF,BITO,10.18,9.7754,4.13896,0.4046,53480,544426410.2
11/25/2022,ProShares Bitcoin ETF,BITO,10.1953,10.18,0.15029,0.0153,53680,547283714.2
11/28/2022,ProShares Bitcoin ETF,BITO,9.9974,10.1953,-1.94109,-0.1979,53500,534860910
11/29/2022,ProShares Bitcoin ETF,BITO,10.1699,9.9974,1.72545,0.1725,54010,549276309.2
11/30/2022,ProShares Bitcoin ETF,BITO,10.6816,10.1699,5.03151,0.5117,53780,574456458.7
12/01/2022,ProShares Bitcoin ETF,BITO,10.5282,10.6816,-1.43611,-0.1534,53570,563995684.5
12/02/2022,ProShares Bitcoin ETF,BITO,10.6382,10.5282,1.04481,0.11,53670,570952204.6
12/05/2022,ProShares Bitcoin ETF,BITO,10.5326,10.6382,-0.99265,-0.1056,53670,565284652.5
12/06/2022,ProShares Bitcoin ETF,BITO,10.6077,10.5326,0.71302,0.0751,53990,572709733.6
12/07/2022,ProShares Bitcoin ETF,BITO,10.4671,10.6077,-1.32545,-0.1406,53990,565118739.5
12/08/2022,ProShares Bitcoin ETF,BITO,10.757,10.4671,2.76963,0.2899,53890,579694740.8
12/09/2022,ProShares Bitcoin ETF,BITO,10.6666,10.757,-0.84038,-0.0904,53910,575036416.7
12/12/2022,ProShares Bitcoin ETF,BITO,10.7122,10.6666,0.4275,0.0456,54030,578780176.7
12/13/2022,ProShares Bitcoin ETF,BITO,11.1059,10.7122,3.67525,0.3937,53150,590278596.1
12/14/2022,ProShares Bitcoin ETF,BITO,11.1401,11.1059,0.30794,0.0342,53130,591873524.1
12/15/2022,ProShares Bitcoin ETF,BITO,10.8862,11.1401,-2.27915,-0.2539,53280,580016746.9
12/16/2022,ProShares Bitcoin ETF,BITO,10.5018,10.8862,-3.53108,-0.3844,53420,561006166.5
12/19/2022,ProShares Bitcoin ETF,BITO,10.3235,10.5018,-1.6978,-0.1783,53520,552513730.3
12/20/2022,ProShares Bitcoin ETF,BITO,10.5382,10.3235,2.07972,0.2147,53380,562529126.5
12/21/2022,ProShares Bitcoin ETF,BITO,10.4674,10.5382,-0.67184,-0.0708,53380,558749822.5
12/22/2022,ProShares Bitcoin ETF,BITO,10.4645,10.4674,-0.02771,-0.0029,54080,565920170.5
12/23/2022,ProShares Bitcoin ETF,BITO,10.5006,10.4645,0.34498,0.0361,54080,567872458.5
12/27/2022,ProShares Bitcoin ETF,BITO,10.3737,10.5006,-1.2085,-0.1269,53890,559038703.4
12/28/2022,ProShares Bitcoin ETF,BITO,10.3505,10.3737,-0.22364,-0.0232,53400,552716710.4
12/29/2022,ProShares Bitcoin ETF,BITO,10.3461,10.3505,-0.04251,-0.0044,52570,543894487.3
12/30/2022,ProShares Bitcoin ETF,BITO,10.4361,10.3461,0.86989,0.09,52220,544973152.4
01/03/2023,ProShares Bitcoin ETF,BITO,10.4872,10.4361,0.48965,0.0511,51910,544390562.5
01/04/2023,ProShares Bitcoin ETF,BITO,10.5941,10.4872,1.01934,0.1069,51950,550363505.6
01/05/2023,ProShares Bitcoin ETF,BITO,10.6335,10.5941,0.37191,0.0394,52080,553792690.6
01/06/2023,ProShares Bitcoin ETF,BITO,10.6701,10.6335,0.3442,0.0366,52040,555272014.7
01/09/2023,ProShares Bitcoin ETF,BITO,10.8817,10.6701,1.98311,0.2116,52120,567154214.9
01/10/2023,ProShares Bitcoin ETF,BITO,11.0757,10.8817,1.78281,0.194,52270,578926850.1
01/11/2023,ProShares Bitcoin ETF,BITO,11.1274,11.0757,0.46679,0.0517,52120,579960099.1
01/12/2023,ProShares Bitcoin ETF,BITO,12.1098,11.1274,8.82866,0.9824,52320,633584748.1
01/13/2023,ProShares Bitcoin ETF,BITO,12.3595,12.1098,2.06197,0.2497,52910,653941157.4
01/17/2023,ProShares Bitcoin ETF,BITO,13.5889,12.3595,9.947,1.2294,52900,718852823.6
01/18/2023,ProShares Bitcoin ETF,BITO,13.152,13.5889,-3.21512,-0.4369,52670,692715853.2
01/19/2023,ProShares Bitcoin ETF,BITO,13.4134,13.152,1.98753,0.2614,52480,703935245.4
01/20/2023,ProShares Bitcoin ETF,BITO,14.1751,13.4134,5.67865,0.7617,52830,748870547.2
01/23/2023,ProShares Bitcoin ETF,BITO,14.6462,14.1751,3.32343,0.4711,52990,776102152.6
01/24/2023,ProShares Bitcoin ETF,BITO,14.6281,14.6462,-0.12358,-0.0181,53550,783334769.6
01/25/2023,ProShares Bitcoin ETF,BITO,14.5407,14.6281,-0.59748,-0.0874,53550,778654499.5
01/26/2023,ProShares Bitcoin ETF,BITO,14.6881,14.5407,1.01371,0.1474,53980,792863652.7
01/27/2023,ProShares Bitcoin ETF,BITO,14.6598,14.6881,-0.19267,-0.0283,55270,810247160.7
01/30/2023,ProShares Bitcoin ETF,BITO,14.3521,14.6598,-2.09894,-0.3077,55260,793097060.4
01/31/2023,ProShares Bitcoin ETF,BITO,14.6217,14.3521,1.87847,0.2696,55470,811065713.6
02/01/2023,ProShares Bitcoin ETF,BITO,14.7888,14.6217,1.14282,0.1671,55510,820926302.8
02/02/2023,ProShares Bitcoin ETF,BITO,14.954,14.7888,1.11706,0.1652,56180,840115735
02/03/2023,ProShares Bitcoin ETF,BITO,14.6244,14.954,-2.20409,-0.3296,55280,808436846.6
02/06/2023,ProShares Bitcoin ETF,BITO,14.3971,14.6244,-1.55425,-0.2273,54240,780898718.4
02/07/2023,ProShares Bitcoin ETF,BITO,14.5178,14.3971,0.83836,0.1207,55650,807915584.5
02/08/2023,ProShares Bitcoin ETF,BITO,14.2557,14.5178,-1.80537,-0.2621,55650,793329719.3
02/09/2023,ProShares Bitcoin ETF,BITO,13.7053,14.2557,-3.86091,-0.5504,55620,762288799.7
02/10/2023,ProShares Bitcoin ETF,BITO,13.5525,13.7053,-1.1149,-0.1528,53940,731021863.6
02/13/2023,ProShares Bitcoin ETF,BITO,13.5129,13.5525,-0.2922,-0.0396,53850,727669678.5
02/14/2023,ProShares Bitcoin ETF,BITO,13.9009,13.5129,2.87133,0.388,53710,746617352.9
02/15/2023,ProShares Bitcoin ETF,BITO,15.0962,13.9009,8.59872,1.1953,53610,809307297.1
02/16/2023,ProShares Bitcoin ETF,BITO,15.356,15.0962,1.72096,0.2598,55110,846269175.4
02/17/2023,ProShares Bitcoin ETF,BITO,15.508,15.356,0.98984,0.152,55110,854645895.5
02/21/2023,ProShares Bitcoin ETF,BITO,15.2722,15.508,-1.52051,-0.2358,54150,826989645.3
02/22/2023,ProShares Bitcoin ETF,BITO,14.8359,15.2722,-2.85682,-0.4363,53910,799803383.8
02/23/2023,ProShares Bitcoin ETF,BITO,14.933,14.8359,0.65449,0.0971,53750,802648764.9
02/24/2023,ProShares Bitcoin ETF,BITO,14.4223,14.933,-3.41994,-0.5107,53480,771304618.4
02/27/2023,ProShares Bitcoin ETF,BITO,14.4798,14.4223,0.39869,0.0575,53580,775827698.5
02/28/2023,ProShares Bitcoin ETF,BITO,14.4613,14.4798,-0.12776,-0.0185,53780,777728728.5
03/01/2023,ProShares Bitcoin ETF,BITO,14.4366,14.4613,-0.1708,-0.0247,54130,781453172.4
03/02/2023,ProShares Bitcoin ETF,BITO,14.4709,14.4366,0.23759,0.0343,54230,784756921.5
03/03/2023,ProShares Bitcoin ETF,BITO,13.698,14.4709,-5.34106,-0.7729,54560,747362893.7
03/06/2023,ProShares Bitcoin ETF,BITO,13.7438,13.698,0.33436,0.0458,54800,753160253.7
03/07/2023,ProShares Bitcoin ETF,BITO,13.5455,13.7438,-1.44283,-0.1983,54230,734572478.5
03/08/2023,ProShares Bitcoin ETF,BITO,13.5742,13.5455,0.21188,0.0287,54800,743866173.6
03/09/2023,ProShares Bitcoin ETF,BITO,12.3141,13.5742,-9.28305,-1.2601,54910,676167243.3
03/10/2023,ProShares Bitcoin ETF,BITO,12.2441,12.3141,-0.56845,-0.07,55660,681506618.2
03/13/2023,ProShares Bitcoin ETF,BITO,14.9649,12.2441,22.22131,2.7208,53420,799424973
03/14/2023,ProShares Bitcoin ETF,BITO,15.4748,14.9649,3.40731,0.5099,51740,800666167.5
03/15/2023,ProShares Bitcoin ETF,BITO,15.0207,15.4748,-2.93445,-0.4541,50840,763652403
03/16/2023,ProShares Bitcoin ETF,BITO,15.3985,15.0207,2.5152,0.3778,52500,808421265.4
03/17/2023,ProShares Bitcoin ETF,BITO,16.5853,15.3985,7.70724,1.1868,53650,889801361.6
03/20/2023,ProShares Bitcoin ETF,BITO,17.1588,16.5853,3.45788,0.5735,53530,918510581.2
03/21/2023,ProShares Bitcoin ETF,BITO,17.3899,17.1588,1.34683,0.2311,55260,960965891.4
03/22/2023,ProShares Bitcoin ETF,BITO,16.4608,17.3899,-5.34276,-0.9291,55390,911763728.5
03/23/2023,ProShares Bitcoin ETF,BITO,17.54,16.4608,6.55618,1.0792,54970,964173817.5
03/24/2023,ProShares Bitcoin ETF,BITO,17.1502,17.54,-2.22235,-0.3898,54970,942746511.2
03/27/2023,ProShares Bitcoin ETF,BITO,16.5887,17.1502,-3.27401,-0.5615,53930,894628607.6
03/28/2023,ProShares Bitcoin ETF,BITO,16.8672,16.5887,1.67885,0.2785,54030,911334832.9
03/29/2023,ProShares Bitcoin ETF,BITO,17.4786,16.8672,3.62479,0.6114,54030,944368775.5
03/30/2023,ProShares Bitcoin ETF,BITO,17.2039,17.4786,-1.57164,-0.2747,54530,938128684.2
03/31/2023,ProShares Bitcoin ETF,BITO,17.5132,17.2039,1.79785,0.3093,54770,959197981.5
04/03/2023,ProShares Bitcoin ETF,BITO,16.7662,17.5132,-4.26535,-0.747,54770,918284790.8
04/04/2023,ProShares Bitcoin ETF,BITO,16.8336,16.7662,0.402,0.0674,54920,924501328.8
04/05/2023,ProShares Bitcoin ETF,BITO,16.8427,16.8336,0.05406,0.0091,56080,944538632.8
04/06/2023,ProShares Bitcoin ETF,BITO,16.7004,16.8427,-0.84488,-0.1423,56340,940900552.7
04/10/2023,ProShares Bitcoin ETF,BITO,17.4734,16.7004,4.62863,0.773,57990,1013282483
04/11/2023,ProShares Bitcoin ETF,BITO,18.0114,17.4734,3.07897,0.538,59580,1073119230
04/12/2023,ProShares Bitcoin ETF,BITO,17.768,18.0114,-1.35137,-0.2434,59520,1057551378
04/13/2023,ProShares Bitcoin ETF,BITO,18.1309,17.768,2.04244,0.3629,58500,1060657668
04/14/2023,ProShares Bitcoin ETF,BITO,18.0945,18.1309,-0.20076,-0.0364,57700,1044052668
04/17/2023,ProShares Bitcoin ETF,BITO,17.5501,18.0945,-3.00865,-0.5444,57650,1011763283
04/18/2023,ProShares Bitcoin ETF,BITO,18.0155,17.5501,2.65184,0.4654,57650,1038593593
04/19/2023,ProShares Bitcoin ETF,BITO,17.3883,18.0155,-3.48145,-0.6272,57050,992002532.4
04/20/2023,ProShares Bitcoin ETF,BITO,16.6966,17.3883,-3.97796,-0.6917,57050,952541046.7
04/21/2023,ProShares Bitcoin ETF,BITO,16.2271,16.6966,-2.81195,-0.4695,56350,914397101.2
04/24/2023,ProShares Bitcoin ETF,BITO,16.2833,16.2271,0.34633,0.0562,56350,917563971.3
04/25/2023,ProShares Bitcoin ETF,BITO,16.4109,16.2833,0.78362,0.1276,56500,927215866.4
04/26/2023,ProShares Bitcoin ETF,BITO,16.5973,16.4109,1.13583,0.1864,56500,937747466.6
04/27/2023,ProShares Bitcoin ETF,BITO,17.678,16.5973,6.5113,1.0807,56800,1004110418
04/28/2023,ProShares Bitcoin ETF,BITO,17.3965,17.678,-1.59237,-0.2815,56800,988121217.4
05/01/2023,ProShares Bitcoin ETF,BITO,16.0797,17.3965,-7.56934,-1.3168,56800,913326976.1
05/02/2023,ProShares Bitcoin ETF,BITO,16.6289,16.0797,3.41549,0.5492,58630,974952423.6
05/03/2023,ProShares Bitcoin ETF,BITO,16.3741,16.6289,-1.53227,-0.2548,57900,948060406.4
05/04/2023,ProShares Bitcoin ETF,BITO,16.7237,16.3741,2.13508,0.3496,57900,968302246.7
05/05/2023,ProShares Bitcoin ETF,BITO,17.17,16.7237,2.66867,0.4463,57900,994143017.2
05/08/2023,ProShares Bitcoin ETF,BITO,15.7847,17.17,-8.06814,-1.3853,57900,913934145.8
05/09/2023,ProShares Bitcoin ETF,BITO,16.019,15.7847,1.48435,0.2343,57900,927500116
05/10/2023,ProShares Bitcoin ETF,BITO,16.0227,16.019,0.0231,0.0037,57900,927714346
05/11/2023,ProShares Bitcoin ETF,BITO,15.4902,16.0227,-3.32341,-0.5325,57900,896882595.5
05/12/2023,ProShares Bitcoin ETF,BITO,15.2844,15.4902,-1.32858,-0.2058,57900,884966775.3
05/15/2023,ProShares Bitcoin ETF,BITO,15.8564,15.2844,3.74238,0.572,57900,918085575.9
05/16/2023,ProShares Bitcoin ETF,BITO,15.5665,15.8564,-1.82828,-0.2899,57900,901300365.6
05/17/2023,ProShares Bitcoin ETF,BITO,15.8351,15.5665,1.7255,0.2686,57900,916852305.8
05/18/2023,ProShares Bitcoin ETF,BITO,15.4627,15.8351,-2.35174,-0.3724,57600,890651535.5
05/19/2023,ProShares Bitcoin ETF,BITO,15.5261,15.4627,0.41002,0.0634,57600,894303375.5
05/22/2023,ProShares Bitcoin ETF,BITO,15.5234,15.5261,-0.01739,-0.0027,57600,894147855.5
05/23/2023,ProShares Bitcoin ETF,BITO,15.7204,15.5234,1.26905,0.197,57600,905495055.7
05/24/2023,ProShares Bitcoin ETF,BITO,15.1333,15.7204,-3.73464,-0.5871,57600,871678095.1
05/25/2023,ProShares Bitcoin ETF,BITO,15.2381,15.1333,0.69251,0.1048,57600,877714575.2
05/26/2023,ProShares Bitcoin ETF,BITO,15.4396,15.2381,1.32234,0.2015,57600,889320975.4
05/30/2023,ProShares Bitcoin ETF,BITO,16.1014,15.4396,4.28638,0.6618,57380,923898348.1
05/31/2023,ProShares Bitcoin ETF,BITO,15.5323,16.1014,-3.53448,-0.5691,57380,891243389.5
06/01/2023,ProShares Bitcoin ETF,BITO,15.0203,15.5323,-3.29636,-0.512,57650,865920310
06/02/2023,ProShares Bitcoin ETF,BITO,15.2795,15.0203,1.72566,0.2592,57650,880863190.3
06/05/2023,ProShares Bitcoin ETF,BITO,14.3117,15.2795,-6.33398,-0.9678,57270,819631073.3
06/06/2023,ProShares Bitcoin ETF,BITO,15.2137,14.3117,6.30254,0.902,57570,875852724.2
06/07/2023,ProShares Bitcoin ETF,BITO,14.8563,15.2137,-2.3492,-0.3574,57570,855277205.9
06/08/2023,ProShares Bitcoin ETF,BITO,14.8791,14.8563,0.15347,0.0228,57570,856589801.9
06/09/2023,ProShares Bitcoin ETF,BITO,14.7865,14.8791,-0.62235,-0.0926,57570,851258819.8
06/12/2023,ProShares Bitcoin ETF,BITO,14.4587,14.7865,-2.21689,-0.3278,57570,832387373.5
06/13/2023,ProShares Bitcoin ETF,BITO,14.4871,14.4587,0.19642,0.0284,56820,823157036.5
06/14/2023,ProShares Bitcoin ETF,BITO,14.4678,14.4871,-0.13322,-0.0193,56820,822060410.5
06/15/2023,ProShares Bitcoin ETF,BITO,14.2307,14.4678,-1.63881,-0.2371,57060,812003756.2
06/16/2023,ProShares Bitcoin ETF,BITO,14.7732,14.2307,3.81218,0.5425,57860,854777366.8
06/20/2023,ProShares Bitcoin ETF,BITO,15.7486,14.7732,6.6025,0.9754,58850,926805125.7
06/21/2023,ProShares Bitcoin ETF,BITO,16.913,15.7486,7.39367,1.1644,60650,1025773467
06/22/2023,ProShares Bitcoin ETF,BITO,16.9751,16.913,0.36717,0.0621,60960,1034802113
06/23/2023,ProShares Bitcoin ETF,BITO,17.4071,16.9751,2.5449,0.432,61510,1070710738
06/26/2023,ProShares Bitcoin ETF,BITO,16.9708,17.4071,-2.50645,-0.4363,61510,1043873925
06/27/2023,ProShares Bitcoin ETF,BITO,17.2036,16.9708,1.37177,0.2328,61510,1058193453
06/28/2023,ProShares Bitcoin ETF,BITO,16.8902,17.2036,-1.82171,-0.3134,62390,1053779595
06/29/2023,ProShares Bitcoin ETF,BITO,17.1913,16.8902,1.78269,0.3011,62390,1072565224
06/30/2023,ProShares Bitcoin ETF,BITO,16.9915,17.1913,-1.16222,-0.1998,63090,1071993752
07/03/2023,ProShares Bitcoin ETF,BITO,16.8761,16.9915,-0.67916,-0.1154,64490,1088339706
07/05/2023,ProShares Bitcoin ETF,BITO,16.3405,16.8761,-3.17372,-0.5356,65810,1075368321
07/06/2023,ProShares Bitcoin ETF,BITO,16.2519,16.3405,-0.54221,-0.0886,65810,1069537555
07/07/2023,ProShares Bitcoin ETF,BITO,16.1876,16.2519,-0.39565,-0.0643,66050,1069190996
07/10/2023,ProShares Bitcoin ETF,BITO,16.5417,16.1876,2.18748,0.3541,66050,1092579302
07/11/2023,ProShares Bitcoin ETF,BITO,16.3924,16.5417,-0.90257,-0.1493,67050,1099110436
07/12/2023,ProShares Bitcoin ETF,BITO,16.2058,16.3924,-1.13833,-0.1866,67850,1099563546
07/13/2023,ProShares Bitcoin ETF,BITO,17.0295,16.2058,5.08275,0.8237,72610,1236512012
07/14/2023,ProShares Bitcoin ETF,BITO,16.1295,17.0295,-5.28495,-0.9,74380,1199712226
07/17/2023,ProShares Bitcoin ETF,BITO,15.9919,16.1295,-0.8531,-0.1376,72320,1156534224
07/18/2023,ProShares Bitcoin ETF,BITO,15.8793,15.9919,-0.70411,-0.1126,72290,1147914613
07/19/2023,ProShares Bitcoin ETF,BITO,16.0503,15.8793,1.07687,0.171,72150,1158029161
07/20/2023,ProShares Bitcoin ETF,BITO,15.8823,16.0503,-1.04671,-0.168,72150,1145907961
07/21/2023,ProShares Bitcoin ETF,BITO,15.9502,15.8823,0.42752,0.0679,72150,1150806946
07/24/2023,ProShares Bitcoin ETF,BITO,15.5247,15.9502,-2.66768,-0.4255,71700,1113121006
07/25/2023,ProShares Bitcoin ETF,BITO,15.5787,15.5247,0.34783,0.054,71700,1116992806
07/26/2023,ProShares Bitcoin ETF,BITO,15.6522,15.5787,0.4718,0.0735,71640,1121323624
07/27/2023,ProShares Bitcoin ETF,BITO,15.4862,15.6522,-1.06055,-0.166,71640,1109431383
07/28/2023,ProShares Bitcoin ETF,BITO,15.6017,15.4862,0.74583,0.1155,71640,1117705804
07/31/2023,ProShares Bitcoin ETF,BITO,15.4735,15.6017,-0.82171,-0.1282,71640,1108521555
08/01/2023,ProShares Bitcoin ETF,BITO,15.1698,15.4735,-1.96271,-0.3037,71640,1086764487
08/02/2023,ProShares Bitcoin ETF,BITO,15.0908,15.1698,-0.52077,-0.079,71350,1076728595
08/03/2023,ProShares Bitcoin ETF,BITO,15.1575,15.0908,0.44199,0.0667,71600,1085277015
08/04/2023,ProShares Bitcoin ETF,BITO,15.0071,15.1575,-0.99225,-0.1504,71740,1076609369
08/07/2023,ProShares Bitcoin ETF,BITO,15.0902,15.0071,0.55374,0.0831,71510,1079100217
08/08/2023,ProShares Bitcoin ETF,BITO,15.5148,15.0902,2.81375,0.4246,71920,1115824432
08/09/2023,ProShares Bitcoin ETF,BITO,15.2258,15.5148,-1.86274,-0.289,71800,1093212455
08/10/2023,ProShares Bitcoin ETF,BITO,15.218,15.2258,-0.05123,-0.0078,71800,1092652415
08/11/2023,ProShares Bitcoin ETF,BITO,15.2051,15.218,-0.08477,-0.0129,71800,1091726195
08/14/2023,ProShares Bitcoin ETF,BITO,15.1699,15.2051,-0.2315,-0.0352,71650,1086923350
08/15/2023,ProShares Bitcoin ETF,BITO,15.0846,15.1699,-0.5623,-0.0853,71650,1080811605
08/16/2023,ProShares Bitcoin ETF,BITO,15.0357,15.0846,-0.32417,-0.0489,71480,1074751851
08/17/2023,ProShares Bitcoin ETF,BITO,14.3824,15.0357,-4.34499,-0.6533,71480,1028053966
08/18/2023,ProShares Bitcoin ETF,BITO,13.4373,14.3824,-6.57123,-0.9451,71050,954720178.4
08/21/2023,ProShares Bitcoin ETF,BITO,13.4575,13.4373,0.15033,0.0202,70970,955078788.5
08/22/2023,ProShares Bitcoin ETF,BITO,13.2826,13.4575,-1.29965,-0.1749,70700,939079833.3
08/23/2023,ProShares Bitcoin ETF,BITO,13.7084,13.2826,3.2057,0.4258,70490,966305129.7
08/24/2023,ProShares Bitcoin ETF,BITO,13.3866,13.7084,-2.34747,-0.3218,70400,942416653.4
08/25/2023,ProShares Bitcoin ETF,BITO,13.3549,13.3866,-0.2368,-0.0317,70400,940184973.4
08/28/2023,ProShares Bitcoin ETF,BITO,13.3548,13.3549,-0.00075,-0.0001,70070,935770849.4
08/29/2023,ProShares Bitcoin ETF,BITO,14.3402,13.3548,7.37862,0.9854,71970,1032064208
08/30/2023,ProShares Bitcoin ETF,BITO,13.9564,14.3402,-2.67639,-0.3838,70850,988810954
08/31/2023,ProShares Bitcoin ETF,BITO,13.4389,13.9564,-3.70798,-0.5175,70850,952146078.4
09/01/2023,ProShares Bitcoin ETF,BITO,13.1589,13.4389,-2.0835,-0.28,70690,930202654.2
09/05/2023,ProShares Bitcoin ETF,BITO,13.1732,13.1589,0.10867,0.0143,70690,931213521.2
09/06/2023,ProShares Bitcoin ETF,BITO,13.1629,13.1732,-0.07819,-0.0103,68690,904159614.2
09/07/2023,ProShares Bitcoin ETF,BITO,13.3043,13.1629,1.07423,0.1414,68690,913872380.3
09/08/2023,ProShares Bitcoin ETF,BITO,13.3191,13.3043,0.11124,0.0148,68690,914888992.3
09/11/2023,ProShares Bitcoin ETF,BITO,12.8237,13.3191,-3.71947,-0.4954,67690,868036265.8
09/12/2023,ProShares Bitcoin ETF,BITO,13.3831,12.8237,4.36224,0.5594,67360,901485629.4
09/13/2023,ProShares Bitcoin ETF,BITO,13.4239,13.3831,0.30486,0.0408,67040,899938269.4
09/14/2023,ProShares Bitcoin ETF,BITO,13.713,13.4239,2.15362,0.2891,65960,904509493.7
09/15/2023,ProShares Bitcoin ETF,BITO,13.5678,13.713,-1.05885,-0.1452,65900,894118033.6
09/18/2023,ProShares Bitcoin ETF,BITO,13.7833,13.5678,1.58832,0.2155,65420,901703499.8
09/19/2023,ProShares Bitcoin ETF,BITO,13.9812,13.7833,1.4358,0.1979,65420,914650118
09/20/2023,ProShares Bitcoin ETF,BITO,13.8398,13.9812,-1.01136,-0.1414,65200,902354973.8
09/21/2023,ProShares Bitcoin ETF,BITO,13.6614,13.8398,-1.28904,-0.1784,65150,890040223.7
09/22/2023,ProShares Bitcoin ETF,BITO,13.6144,13.6614,-0.34404,-0.047,65110,886433597.6
09/25/2023,ProShares Bitcoin ETF,BITO,13.5248,13.6144,-0.65813,-0.0896,64490,872214365.5
09/26/2023,ProShares Bitcoin ETF,BITO,13.465,13.5248,-0.44215,-0.0598,64360,866607413.5
09/27/2023,ProShares Bitcoin ETF,BITO,13.4642,13.465,-0.00594,-0.0008,63970,861304887.5
09/28/2023,ProShares Bitcoin ETF,BITO,13.939,13.4642,3.52639,0.4748,63970,891677843.9
09/29/2023,ProShares Bitcoin ETF,BITO,13.806,13.939,-0.95416,-0.133,63770,880408633.8
10/02/2023,ProShares Bitcoin ETF,BITO,14.265,13.806,3.32464,0.459,63410,904543664.3
10/03/2023,ProShares Bitcoin ETF,BITO,13.886,14.265,-2.65685,-0.379,63240,878150653.9
10/04/2023,ProShares Bitcoin ETF,BITO,14.0857,13.886,1.43814,0.1997,63060,888244256.1
10/05/2023,ProShares Bitcoin ETF,BITO,14.0053,14.0857,-0.57079,-0.0804,62840,880093066
10/06/2023,ProShares Bitcoin ETF,BITO,14.2821,14.0053,1.97639,0.2768,62550,893345369.3
10/09/2023,ProShares Bitcoin ETF,BITO,14.0784,14.2821,-1.42626,-0.2037,62550,880603934.1
10/10/2023,ProShares Bitcoin ETF,BITO,13.9534,14.0784,-0.88788,-0.125,62550,872785184
10/11/2023,ProShares Bitcoin ETF,BITO,13.6057,13.9534,-2.49187,-0.3477,62550,851036548.6
10/12/2023,ProShares Bitcoin ETF,BITO,13.5811,13.6057,-0.18081,-0.0246,62550,849497818.6
10/13/2023,ProShares Bitcoin ETF,BITO,13.6257,13.5811,0.3284,0.0446,62550,852287548.6
10/16/2023,ProShares Bitcoin ETF,BITO,14.512,13.6257,6.50462,0.8863,62230,903081774.5
10/17/2023,ProShares Bitcoin ETF,BITO,14.5341,14.512,0.15229,0.0221,62080,902276942.5
10/18/2023,ProShares Bitcoin ETF,BITO,14.3841,14.5341,-1.03206,-0.15,61830,889368917.4
10/19/2023,ProShares Bitcoin ETF,BITO,14.6791,14.3841,2.05088,0.295,61830,907608767.7
10/20/2023,ProShares Bitcoin ETF,BITO,15.0829,14.6791,2.75085,0.4038,61830,932575722.1
10/23/2023,ProShares Bitcoin ETF,BITO,16.011,15.0829,6.15333,0.9281,61450,983875966
10/24/2023,ProShares Bitcoin ETF,BITO,17.2129,16.011,7.50671,1.2019,61980,1066855559
10/25/2023,ProShares Bitcoin ETF,BITO,17.7406,17.2129,3.06572,0.5277,61980,1099562406
10/26/2023,ProShares Bitcoin ETF,BITO,17.288,17.7406,-2.55121,-0.4526,62680,1083611857
10/27/2023,ProShares Bitcoin ETF,BITO,17.1101,17.288,-1.02904,-0.1779,62680,1072461085
10/30/2023,ProShares Bitcoin ETF,BITO,17.5181,17.1101,2.38456,0.408,62140,1088574752
10/31/2023,ProShares Bitcoin ETF,BITO,17.5945,17.5181,0.43612,0.0764,62520,1100008158
11/01/2023,ProShares Bitcoin ETF,BITO,17.4928,17.5945,-0.57802,-0.1017,67770,1185487073
11/02/2023,ProShares Bitcoin ETF,BITO,17.6725,17.4928,1.02728,0.1797,70720,1249799218
11/03/2023,ProShares Bitcoin ETF,BITO,17.4355,17.6725,-1.34107,-0.237,70720,1233038577
11/06/2023,ProShares Bitcoin ETF,BITO,17.7021,17.4355,1.52906,0.2666,70720,1251892530
11/07/2023,ProShares Bitcoin ETF,BITO,18.1168,17.7021,2.34266,0.4147,70720,1281220114
11/08/2023,ProShares Bitcoin ETF,BITO,18.0023,18.1168,-0.63201,-0.1145,74220,1336130724
11/09/2023,ProShares Bitcoin ETF,BITO,18.4445,18.0023,2.45635,0.4422,74920,1381861958
11/10/2023,ProShares Bitcoin ETF,BITO,18.828,18.4445,2.07921,0.3835,75260,1416995299
11/13/2023,ProShares Bitcoin ETF,BITO,18.5165,18.828,-1.65445,-0.3115,75260,1393551809
11/14/2023,ProShares Bitcoin ETF,BITO,17.7447,18.5165,-4.16817,-0.7718,73850,1310446113
11/15/2023,ProShares Bitcoin ETF,BITO,18.9806,17.7447,6.9649,1.2359,73850,1401717329
11/16/2023,ProShares Bitcoin ETF,BITO,18.0979,18.9806,-4.65054,-0.8827,73850,1336529933
11/17/2023,ProShares Bitcoin ETF,BITO,18.372,18.0979,1.51454,0.2741,73850,1356772218
11/20/2023,ProShares Bitcoin ETF,BITO,18.9392,18.372,3.08731,0.5672,73850,1398659939
11/21/2023,ProShares Bitcoin ETF,BITO,18.5688,18.9392,-1.95573,-0.3704,73850,1371305899
11/22/2023,ProShares Bitcoin ETF,BITO,18.9733,18.5688,2.17839,0.4045,75450,1431535504
11/24/2023,ProShares Bitcoin ETF,BITO,19.0897,18.9733,0.61349,0.1164,75450,1440317884
11/27/2023,ProShares Bitcoin ETF,BITO,18.41,19.0897,-3.56056,-0.6797,76550,1409285518
11/28/2023,ProShares Bitcoin ETF,BITO,19.242,18.41,4.51928,0.832,76550,1472975119
11/29/2023,ProShares Bitcoin ETF,BITO,18.816,19.242,-2.21391,-0.426,77550,1459180819
11/30/2023,ProShares Bitcoin ETF,BITO,18.8796,18.816,0.33801,0.0636,77220,1457882731
12/01/2023,ProShares Bitcoin ETF,BITO,19.2748,18.8796,2.09326,0.3952,77220,1488400075
12/04/2023,ProShares Bitcoin ETF,BITO,20.7694,19.2748,7.75417,1.4946,76530,1589482203
12/05/2023,ProShares Bitcoin ETF,BITO,21.7697,20.7694,4.81622,1.0003,76530,1666035163
12/06/2023,ProShares Bitcoin ETF,BITO,21.7382,21.7697,-0.1447,-0.0315,77190,1677971680
12/07/2023,ProShares Bitcoin ETF,BITO,21.4839,21.7382,-1.16983,-0.2543,77190,1658342262
12/08/2023,ProShares Bitcoin ETF,BITO,22.0839,21.4839,2.79279,0.6,77190,1704656263
12/11/2023,ProShares Bitcoin ETF,BITO,20.1818,22.0839,-8.61306,-1.9021,76480,1543504084
12/12/2023,ProShares Bitcoin ETF,BITO,20.391,20.1818,1.03658,0.2092,75330,1536054050
12/13/2023,ProShares Bitcoin ETF,BITO,21.2594,20.391,4.25874,0.8684,75280,1600407653
12/14/2023,ProShares Bitcoin ETF,BITO,21.2444,21.2594,-0.07056,-0.015,75280,1599278453
12/15/2023,ProShares Bitcoin ETF,BITO,20.8997,21.2444,-1.62255,-0.3447,76280,1594229137
12/18/2023,ProShares Bitcoin ETF,BITO,20.7382,20.8997,-0.77274,-0.1615,76280,1581909917
12/19/2023,ProShares Bitcoin ETF,BITO,20.8572,20.7382,0.57382,0.119,76280,1590987237
12/20/2023,ProShares Bitcoin ETF,BITO,21.3535,20.8572,2.37951,0.4963,76280,1628845001
12/21/2023,ProShares Bitcoin ETF,BITO,21.4616,21.3535,0.50624,0.1081,76780,1647821669
12/22/2023,ProShares Bitcoin ETF,BITO,21.4288,21.4616,-0.15283,-0.0328,76780,1645303285
12/26/2023,ProShares Bitcoin ETF,BITO,20.638,21.4288,-3.69036,-0.7908,77900,1607700221
12/27/2023,ProShares Bitcoin ETF,BITO,21.3235,20.638,3.32154,0.6855,78900,1682424171
12/28/2023,ProShares Bitcoin ETF,BITO,20.7989,21.3235,-2.4602,-0.5246,82150,1708629656
12/29/2023,ProShares Bitcoin ETF,BITO,20.4958,20.7989,-1.45729,-0.3031,82950,1700126630
01/02/2024,ProShares Bitcoin ETF,BITO,21.8701,20.4958,6.70528,1.3743,83370,1823310259
01/03/2024,ProShares Bitcoin ETF,BITO,20.7817,21.8701,-4.97666,-1.0884,83610,1737557958
01/04/2024,ProShares Bitcoin ETF,BITO,21.5413,20.7817,3.65514,0.7596,85610,1844150715
01/05/2024,ProShares Bitcoin ETF,BITO,21.4137,21.5413,-0.59235,-0.1276,87210,1867488798
01/08/2024,ProShares Bitcoin ETF,BITO,22.8182,21.4137,6.55889,1.4045,88090,2010055261
01/09/2024,ProShares Bitcoin ETF,BITO,22.7015,22.8182,-0.51143,-0.1167,97840,2221114783
01/10/2024,ProShares Bitcoin ETF,BITO,22.3492,22.7015,-1.55188,-0.3523,101950,2278500962
01/11/2024,ProShares Bitcoin ETF,BITO,22.3239,22.3492,-0.1132,-0.0253,96740,2159614108
01/12/2024,ProShares Bitcoin ETF,BITO,21.0474,22.3239,-5.71809,-1.2765,89900,1892161281
01/16/2024,ProShares Bitcoin ETF,BITO,20.885,21.0474,-0.77159,-0.1624,88400,1846234021
01/17/2024,ProShares Bitcoin ETF,BITO,20.6656,20.885,-1.05051,-0.2194,89780,1855357589
01/18/2024,ProShares Bitcoin ETF,BITO,19.7335,20.6656,-4.51039,-0.9321,93270,1840543565
01/19/2024,ProShares Bitcoin ETF,BITO,20.0767,19.7335,1.73917,0.3432,90770,1822362079
01/22/2024,ProShares Bitcoin ETF,BITO,19.3939,20.0767,-3.40096,-0.6828,91870,1781717612
01/23/2024,ProShares Bitcoin ETF,BITO,18.9518,19.3939,-2.27958,-0.4421,93270,1767634405
01/24/2024,ProShares Bitcoin ETF,BITO,19.1478,18.9518,1.0342,0.196,93070,1782085765
01/25/2024,ProShares Bitcoin ETF,BITO,19.1734,19.1478,0.1337,0.0256,93230,1787536101
01/26/2024,ProShares Bitcoin ETF,BITO,20.3066,19.1734,5.91027,1.1332,93400,1896636460
01/29/2024,ProShares Bitcoin ETF,BITO,20.857,20.3066,2.71045,0.5504,96020,2002689161
01/30/2024,ProShares Bitcoin ETF,BITO,21.015,20.857,0.75754,0.158,89200,1874538021
01/31/2024,ProShares Bitcoin ETF,BITO,20.5077,21.015,-2.41399,-0.5073,88050,1805703006
02/01/2024,ProShares Bitcoin ETF,BITO,20.3772,20.5077,-0.63635,-0.1305,88070,1794620024
02/02/2024,ProShares Bitcoin ETF,BITO,20.3494,20.3772,-0.13643,-0.0278,88070,1792171678
02/05/2024,ProShares Bitcoin ETF,BITO,20.0594,20.3494,-1.4251,-0.29,85070,1706453178
02/06/2024,ProShares Bitcoin ETF,BITO,20.4229,20.0594,1.81212,0.3635,85070,1737376123
02/07/2024,ProShares Bitcoin ETF,BITO,20.9446,20.4229,2.55449,0.5217,82820,1734631793
02/08/2024,ProShares Bitcoin ETF,BITO,21.5797,20.9446,3.03229,0.6351,83370,1799099611
02/09/2024,ProShares Bitcoin ETF,BITO,22.5365,21.5797,4.4338,0.9568,84870,1912672778
02/12/2024,ProShares Bitcoin ETF,BITO,23.8156,22.5365,5.67568,1.2791,85720,2041473256
02/13/2024,ProShares Bitcoin ETF,BITO,23.4326,23.8156,-1.60819,-0.383,85220,1996926195
02/14/2024,ProShares Bitcoin ETF,BITO,24.5534,23.4326,4.78308,1.1208,85220,2092440773
02/15/2024,ProShares Bitcoin ETF,BITO,24.5441,24.5534,-0.03788,-0.0093,87520,2148099657
02/16/2024,ProShares Bitcoin ETF,BITO,24.5925,24.5441,0.1972,0.0484,87520,2152335625
02/20/2024,ProShares Bitcoin ETF,BITO,24.6459,24.5925,0.21714,0.0534,87520,2157009193
02/21/2024,ProShares Bitcoin ETF,BITO,24.1113,24.6459,-2.16912,-0.5346,87820,2117454390
02/22/2024,ProShares Bitcoin ETF,BITO,24.6135,24.1113,2.08284,0.5022,87820,2161557595
02/23/2024,ProShares Bitcoin ETF,BITO,24.1679,24.6135,-1.81039,-0.4456,87650,2118316459
02/26/2024,ProShares Bitcoin ETF,BITO,25.818,24.1679,6.82765,1.6501,87650,2262947726
02/27/2024,ProShares Bitcoin ETF,BITO,26.9025,25.818,4.20056,1.0845,87510,2354237802
02/28/2024,ProShares Bitcoin ETF,BITO,28.4105,26.9025,5.60543,1.508,90210,2562911233
02/29/2024,ProShares Bitcoin ETF,BITO,29.2922,28.4105,3.10343,0.8817,90210,2642449391
03/01/2024,ProShares Bitcoin ETF,BITO,29.0595,29.2922,-0.79441,-0.2327,90610,2633081324
03/04/2024,ProShares Bitcoin ETF,BITO,31.1978,29.0595,7.35835,2.1383,92020,2870821587
03/05/2024,ProShares Bitcoin ETF,BITO,28.4469,31.1978,-8.81761,-2.7509,93420,2657509426
03/06/2024,ProShares Bitcoin ETF,BITO,30.8883,28.4469,8.58231,2.4414,95380,2946126085
03/07/2024,ProShares Bitcoin ETF,BITO,31.1613,30.8883,0.88383,0.273,95680,2981513215
03/08/2024,ProShares Bitcoin ETF,BITO,31.8235,31.1613,2.12507,0.6622,96380,3067148962
03/11/2024,ProShares Bitcoin ETF,BITO,33.1489,31.8235,4.16485,1.3254,95890,3178648054
03/12/2024,ProShares Bitcoin ETF,BITO,32.7639,33.1489,-1.16143,-0.385,95620,3132884151
03/13/2024,ProShares Bitcoin ETF,BITO,33.7314,32.7639,2.95295,0.9675,94220,3178172542
03/14/2024,ProShares Bitcoin ETF,BITO,31.7468,33.7314,-5.88354,-1.9846,94020,2984834168
03/15/2024,ProShares Bitcoin ETF,BITO,31.5578,31.7468,-0.59534,-0.189,94490,2981896554
03/18/2024,ProShares Bitcoin ETF,BITO,30.6412,31.5578,-2.90451,-0.9166,93650,2869548411
03/19/2024,ProShares Bitcoin ETF,BITO,29.466,30.6412,-3.83536,-1.1752,93850,2765384129
03/20/2024,ProShares Bitcoin ETF,BITO,30.11,29.466,2.18557,0.644,93680,2820704830
03/21/2024,ProShares Bitcoin ETF,BITO,29.8547,30.11,-0.84789,-0.2553,94480,2820672086
03/22/2024,ProShares Bitcoin ETF,BITO,29.2159,29.8547,-2.1397,-0.6388,93480,2731102361
03/25/2024,ProShares Bitcoin ETF,BITO,32.4754,29.2159,11.1566,3.2595,93140,3024758788
03/26/2024,ProShares Bitcoin ETF,BITO,31.7028,32.4754,-2.37903,-0.7726,93440,2962309664
03/27/2024,ProShares Bitcoin ETF,BITO,31.2861,31.7028,-1.31439,-0.4167,93890,2937451960
03/28/2024,ProShares Bitcoin ETF,BITO,32.2962,31.2861,3.22859,1.0101,94590,3054897590
04/01/2024,ProShares Bitcoin ETF,BITO,30.654,32.2962,-5.08481,-1.6422,94210,2887913371
04/02/2024,ProShares Bitcoin ETF,BITO,28.9926,30.654,-5.41985,-1.6614,93760,2718346205
04/03/2024,ProShares Bitcoin ETF,BITO,28.8961,28.9926,-0.33284,-0.0965,94050,2717678234
04/04/2024,ProShares Bitcoin ETF,BITO,30.0097,28.8961,3.85381,1.1136,94450,2834416195
04/05/2024,ProShares Bitcoin ETF,BITO,29.5336,30.0097,-1.58649,-0.4761,94830,2800671318
04/08/2024,ProShares Bitcoin ETF,BITO,31.4483,29.5336,6.48312,1.9147,93570,2942617462
04/09/2024,ProShares Bitcoin ETF,BITO,30.2494,31.4483,-3.81229,-1.1989,93270,2821361568
04/10/2024,ProShares Bitcoin ETF,BITO,30.7091,30.2494,1.5197,0.4597,91400,2806811771
04/11/2024,ProShares Bitcoin ETF,BITO,30.8872,30.7091,0.57996,0.1781,90750,2803013431
04/12/2024,ProShares Bitcoin ETF,BITO,29.314,30.8872,-5.09337,-1.5732,89340,2618912789
04/15/2024,ProShares Bitcoin ETF,BITO,27.7458,29.314,-5.34966,-1.5682,87560,2429422276
04/16/2024,ProShares Bitcoin ETF,BITO,27.4673,27.7458,-1.00376,-0.2785,86860,2385809705
04/17/2024,ProShares Bitcoin ETF,BITO,26.6822,27.4673,-2.85831,-0.7851,85220,2273857111
04/18/2024,ProShares Bitcoin ETF,BITO,27.78,26.6822,4.11435,1.0978,85720,2381301628
04/19/2024,ProShares Bitcoin ETF,BITO,28.0873,27.78,1.10619,0.3073,85220,2393599734
04/22/2024,ProShares Bitcoin ETF,BITO,29.0775,28.0873,3.52544,0.9902,84670,2461991954
04/23/2024,ProShares Bitcoin ETF,BITO,28.9975,29.0775,-0.27513,-0.08,84870,2461017854
04/24/2024,ProShares Bitcoin ETF,BITO,27.8548,28.9975,-3.94068,-1.1427,84040,2340917420
04/25/2024,ProShares Bitcoin ETF,BITO,28.1826,27.8548,1.17682,0.3278,83840,2362829212
04/26/2024,ProShares Bitcoin ETF,BITO,27.7711,28.1826,-1.46012,-0.4115,83490,2318609167
04/29/2024,ProShares Bitcoin ETF,BITO,27.4005,27.7711,-1.33448,-0.3706,83110,2277255582
04/30/2024,ProShares Bitcoin ETF,BITO,25.6318,27.4005,-6.45499,-1.7687,82760,2121287794
05/01/2024,ProShares Bitcoin ETF,BITO,23.1213,25.6318,-9.79447,-2.5105,81660,1888085381
05/02/2024,ProShares Bitcoin ETF,BITO,24.1146,23.1213,4.29604,0.9933,80610,1943877930
05/03/2024,ProShares Bitcoin ETF,BITO,25.2666,24.1146,4.77719,1.152,79690,2013495379
05/06/2024,ProShares Bitcoin ETF,BITO,25.6873,25.2666,1.66504,0.4207,79690,2047020963
05/07/2024,ProShares Bitcoin ETF,BITO,25.6032,25.6873,-0.3274,-0.0841,82100,2102022746
05/08/2024,ProShares Bitcoin ETF,BITO,25.2308,25.6032,-1.45451,-0.3724,80360,2027547113
05/09/2024,ProShares Bitcoin ETF,BITO,25.3883,25.2308,0.62424,0.1575,80220,2036649451
05/10/2024,ProShares Bitcoin ETF,BITO,24.6272,25.3883,-2.99784,-0.7611,81010,1995049497
05/13/2024,ProShares Bitcoin ETF,BITO,25.6583,24.6272,4.18683,1.0311,81160,2082427654
05/14/2024,ProShares Bitcoin ETF,BITO,24.9971,25.6583,-2.57694,-0.6612,81760,2043762921
05/15/2024,ProShares Bitcoin ETF,BITO,26.8842,24.9971,7.54928,1.8871,81440,2189449275
05/16/2024,ProShares Bitcoin ETF,BITO,26.4654,26.8842,-1.55779,-0.4188,81440,2155342202
05/17/2024,ProShares Bitcoin ETF,BITO,27.2446,26.4654,2.94422,0.7792,81260,2213896223
05/20/2024,ProShares Bitcoin ETF,BITO,28.4853,27.2446,4.55393,1.2407,81260,2314715506
05/21/2024,ProShares Bitcoin ETF,BITO,28.1106,28.4853,-1.31542,-0.3747,80160,2253345724
05/22/2024,ProShares Bitcoin ETF,BITO,28.2419,28.1106,0.46708,0.1313,80040,2260481704
05/23/2024,ProShares Bitcoin ETF,BITO,27.1917,28.2419,-3.71859,-1.0502,79660,2166090849
05/24/2024,ProShares Bitcoin ETF,BITO,28.1165,27.1917,3.40104,0.9248,80070,2251288183
05/28/2024,ProShares Bitcoin ETF,BITO,27.7146,28.1165,-1.42941,-0.4019,79610,2206359334
05/29/2024,ProShares Bitcoin ETF,BITO,27.1992,27.7146,-1.85967,-0.5154,78610,2138129139
05/30/2024,ProShares Bitcoin ETF,BITO,27.8285,27.1992,2.31367,0.6293,77490,2156430493
05/31/2024,ProShares Bitcoin ETF,BITO,27.296,27.8285,-1.91351,-0.5325,76100,2077225627
06/03/2024,ProShares Bitcoin ETF,BITO,26.1433,27.296,-4.22296,-1.1527,77100,2015648456
06/04/2024,ProShares Bitcoin ETF,BITO,26.6848,26.1433,2.07128,0.5415,78440,2093155739
06/05/2024,ProShares Bitcoin ETF,BITO,26.9928,26.6848,1.15422,0.308,79440,2144308059
06/06/2024,ProShares Bitcoin ETF,BITO,26.6593,26.9928,-1.23551,-0.3335,78970,2105284948
06/07/2024,ProShares Bitcoin ETF,BITO,26.2115,26.6593,-1.67971,-0.4478,79720,2089580806
06/10/2024,ProShares Bitcoin ETF,BITO,26.2496,26.2115,0.14536,0.0381,79400,2084218266
06/11/2024,ProShares Bitcoin ETF,BITO,25.4441,26.2496,-3.06862,-0.8055,80000,2035528025
06/12/2024,ProShares Bitcoin ETF,BITO,25.5071,25.4441,0.2476,0.063,80600,2055872286
06/13/2024,ProShares Bitcoin ETF,BITO,25.1295,25.5071,-1.48037,-0.3776,79200,1990256425
06/14/2024,ProShares Bitcoin ETF,BITO,24.6795,25.1295,-1.79072,-0.45,78410,1935119620
06/17/2024,ProShares Bitcoin ETF,BITO,25.1466,24.6795,1.89266,0.4671,78760,1980546241
06/18/2024,ProShares Bitcoin ETF,BITO,24.2523,25.1466,-3.55635,-0.8943,78730,1909383603
06/20/2024,ProShares Bitcoin ETF,BITO,24.4879,24.2523,0.97145,0.2356,79130,1937727551
06/21/2024,ProShares Bitcoin ETF,BITO,24.1746,24.4879,-1.27941,-0.3133,79790,1928891358
06/24/2024,ProShares Bitcoin ETF,BITO,22.2386,24.1746,-8.00841,-1.936,80030,1779755180
06/25/2024,ProShares Bitcoin ETF,BITO,23.3402,22.2386,4.95355,1.1016,80730,1884254369
06/26/2024,ProShares Bitcoin ETF,BITO,22.9233,23.3402,-1.78619,-0.4169,79930,1832259392
06/27/2024,ProShares Bitcoin ETF,BITO,23.0799,22.9233,0.68315,0.1566,78930,1821696530
06/28/2024,ProShares Bitcoin ETF,BITO,22.5177,23.0799,-2.43589,-0.5622,78430,1766063234
07/01/2024,ProShares Bitcoin ETF,BITO,22.1906,22.5177,-1.45264,-0.3271,81510,1808755828
07/02/2024,ProShares Bitcoin ETF,BITO,21.6713,22.1906,-2.34018,-0.5193,82660,1791349680
07/03/2024,ProShares Bitcoin ETF,BITO,20.8541,21.6713,-3.77089,-0.8172,83890,1749450470
07/05/2024,ProShares Bitcoin ETF,BITO,19.7754,20.8541,-5.1726,-1.0787,85030,1681502282
07/08/2024,ProShares Bitcoin ETF,BITO,19.8038,19.7754,0.14361,0.0284,85080,1684907324
07/09/2024,ProShares Bitcoin ETF,BITO,20.2952,19.8038,2.48134,0.4914,86040,1746199028
07/10/2024,ProShares Bitcoin ETF,BITO,20.1099,20.2952,-0.91302,-0.1853,86030,1730054717
07/11/2024,ProShares Bitcoin ETF,BITO,20.0957,20.1099,-0.07061,-0.0142,86020,1728632134
07/12/2024,ProShares Bitcoin ETF,BITO,20.1929,20.0957,0.48369,0.0972,86080,1738204852
07/15/2024,ProShares Bitcoin ETF,BITO,22.2358,20.1929,10.11692,2.0429,87380,1942964226
07/16/2024,ProShares Bitcoin ETF,BITO,22.8483,22.2358,2.75457,0.6125,87760,2005166831
07/17/2024,ProShares Bitcoin ETF,BITO,22.5985,22.8483,-1.0933,-0.2498,87960,1987764083
07/18/2024,ProShares Bitcoin ETF,BITO,22.223,22.5985,-1.66161,-0.3755,87870,1952735032
07/19/2024,ProShares Bitcoin ETF,BITO,23.566,22.223,6.04329,1.343,87870,2070744444
07/22/2024,ProShares Bitcoin ETF,BITO,23.8646,23.566,1.26708,0.2986,89170,2128006406
07/23/2024,ProShares Bitcoin ETF,BITO,22.8987,23.8646,-4.04742,-0.9659,90000,2060883023
07/24/2024,ProShares Bitcoin ETF,BITO,22.9509,22.8987,0.22796,0.0522,89770,2060302316
07/25/2024,ProShares Bitcoin ETF,BITO,22.5895,22.9509,-1.57467,-0.3614,88340,1995556453
07/26/2024,ProShares Bitcoin ETF,BITO,23.7643,22.5895,5.20065,1.1748,88340,2099338286
07/29/2024,ProShares Bitcoin ETF,BITO,23.4492,23.7643,-1.32594,-0.3151,87140,2043363311
07/30/2024,ProShares Bitcoin ETF,BITO,22.9421,23.4492,-2.16255,-0.5071,84840,1946407787
07/31/2024,ProShares Bitcoin ETF,BITO,22.7036,22.9421,-1.03957,-0.2385,84840,1926173447
08/01/2024,ProShares Bitcoin ETF,BITO,20.6444,22.7036,-9.06993,-2.0592,86840,1792759717
08/02/2024,ProShares Bitcoin ETF,BITO,20.3798,20.6444,-1.2817,-0.2646,89240,1818693372
08/05/2024,ProShares Bitcoin ETF,BITO,17.4162,20.3798,-14.54185,-2.9636,90040,1568154665
08/06/2024,ProShares Bitcoin ETF,BITO,18.5175,17.4162,6.32342,1.1013,90980,1684722169
08/07/2024,ProShares Bitcoin ETF,BITO,17.8264,18.5175,-3.73215,-0.6911,92180,1643237570
08/08/2024,ProShares Bitcoin ETF,BITO,19.3491,17.8264,8.54183,1.5227,93370,1806625486
08/09/2024,ProShares Bitcoin ETF,BITO,19.7727,19.3491,2.18925,0.4236,93370,1846177019
08/12/2024,ProShares Bitcoin ETF,BITO,19.1939,19.7727,-2.92727,-0.5788,93870,1801731412
08/13/2024,ProShares Bitcoin ETF,BITO,19.8128,19.1939,3.22446,0.6189,93870,1859827556
08/14/2024,ProShares Bitcoin ETF,BITO,19.1575,19.8128,-3.30746,-0.6553,93870,1798314544
08/15/2024,ProShares Bitcoin ETF,BITO,18.5556,19.1575,-3.14185,-0.6019,94470,1752947551
08/16/2024,ProShares Bitcoin ETF,BITO,19.4576,18.5556,4.86107,0.902,94920,1846915411
08/19/2024,ProShares Bitcoin ETF,BITO,19.2032,19.4576,-1.30746,-0.2544,95620,1836210003
08/20/2024,ProShares Bitcoin ETF,BITO,19.3572,19.2032,0.80195,0.154,96370,1865453383
08/21/2024,ProShares Bitcoin ETF,BITO,20.0272,19.3572,3.46124,0.67,96670,1936029444
08/22/2024,ProShares Bitcoin ETF,BITO,19.5806,20.0272,-2.22997,-0.4466,96350,1886590830
08/23/2024,ProShares Bitcoin ETF,BITO,20.7086,19.5806,5.7608,1.128,96350,1995273631
08/26/2024,ProShares Bitcoin ETF,BITO,20.554,20.7086,-0.74655,-0.1546,96850,1990654921
08/27/2024,ProShares Bitcoin ETF,BITO,20.1338,20.554,-2.04437,-0.4202,95550,1923784610
08/28/2024,ProShares Bitcoin ETF,BITO,19.1094,20.1338,-5.08796,-1.0244,93530,1787302201
08/29/2024,ProShares Bitcoin ETF,BITO,19.2097,19.1094,0.52487,0.1003,92230,1771710650
08/30/2024,ProShares Bitcoin ETF,BITO,19,19.2097,-1.09164,-0.2097,90830,1725770019
09/03/2024,ProShares Bitcoin ETF,BITO,17.5726,19,-7.51263,-1.4274,92790,1630561572
09/04/2024,ProShares Bitcoin ETF,BITO,17.6129,17.5726,0.22933,0.0403,94990,1673049389
09/05/2024,ProShares Bitcoin ETF,BITO,16.9759,17.6129,-3.61667,-0.637,97300,1651755087
09/06/2024,ProShares Bitcoin ETF,BITO,16.2223,16.9759,-4.43923,-0.7536,98500,1597896566
09/09/2024,ProShares Bitcoin ETF,BITO,17.3498,16.2223,6.95031,1.1275,99170,1720579683
09/10/2024,ProShares Bitcoin ETF,BITO,17.5893,17.3498,1.38042,0.2395,100360,1765262166
09/11/2024,ProShares Bitcoin ETF,BITO,17.4895,17.5893,-0.56739,-0.0998,101060,1767488887
09/12/2024,ProShares Bitcoin ETF,BITO,17.7086,17.4895,1.25275,0.2191,101060,1789631134
09/13/2024,ProShares Bitcoin ETF,BITO,18.1225,17.7086,2.33728,0.4139,101060,1831459868
09/16/2024,ProShares Bitcoin ETF,BITO,17.5354,18.1225,-3.23962,-0.5871,101060,1772127542
09/17/2024,ProShares Bitcoin ETF,BITO,18.1783,17.5354,3.6663,0.6429,100360,1824374206
09/18/2024,ProShares Bitcoin ETF,BITO,18.1921,18.1783,0.07591,0.0138,99360,1807567074
09/19/2024,ProShares Bitcoin ETF,BITO,19.1849,18.1921,5.45731,0.9928,99360,1906211683
09/20/2024,ProShares Bitcoin ETF,BITO,19.0432,19.1849,-0.7386,-0.1417,99510,1894988851
09/23/2024,ProShares Bitcoin ETF,BITO,19.17,19.0432,0.66585,0.1268,97810,1875017719
09/24/2024,ProShares Bitcoin ETF,BITO,19.4995,19.17,1.71883,0.3295,97010,1891646514
09/25/2024,ProShares Bitcoin ETF,BITO,19.1163,19.4995,-1.96518,-0.3832,96010,1835355982
09/26/2024,ProShares Bitcoin ETF,BITO,19.6054,19.1163,2.55855,0.4891,96010,1882314474
09/27/2024,ProShares Bitcoin ETF,BITO,19.8868,19.6054,1.43532,0.2814,94890,1887058472
09/30/2024,ProShares Bitcoin ETF,BITO,19.1684,19.8868,-3.61245,-0.7184,95770,1835757687
10/01/2024,ProShares Bitcoin ETF,BITO,17.5738,19.1684,-8.3189,-1.5946,99640,1751053450
10/02/2024,ProShares Bitcoin ETF,BITO,17.1403,17.5738,-2.46674,-0.4335,101170,1734084168
10/03/2024,ProShares Bitcoin ETF,BITO,17.3879,17.1403,1.44455,0.2476,101920,1772174785
10/04/2024,ProShares Bitcoin ETF,BITO,17.7956,17.3879,2.34473,0.4077,102900,1831167258
10/07/2024,ProShares Bitcoin ETF,BITO,18.0383,17.7956,1.36382,0.2427,103450,1866062153
10/08/2024,ProShares Bitcoin ETF,BITO,17.711,18.0383,-1.81447,-0.3273,104200,1845486218
10/09/2024,ProShares Bitcoin ETF,BITO,17.3477,17.711,-2.05127,-0.3633,104630,1815089868
10/10/2024,ProShares Bitcoin ETF,BITO,16.9744,17.3477,-2.15187,-0.3733,103930,1764149409
10/11/2024,ProShares Bitcoin ETF,BITO,17.9753,16.9744,5.89653,1.0009,104680,1881654422
10/14/2024,ProShares Bitcoin ETF,BITO,18.7831,17.9753,4.49394,0.8078,105090,1973915998
10/15/2024,ProShares Bitcoin ETF,BITO,19.0903,18.7831,1.63551,0.3072,105840,2020517371
10/16/2024,ProShares Bitcoin ETF,BITO,19.2921,19.0903,1.05708,0.2018,106590,2056344958
10/17/2024,ProShares Bitcoin ETF,BITO,19.0039,19.2921,-1.49388,-0.2882,107220,2037598177
10/18/2024,ProShares Bitcoin ETF,BITO,19.5416,19.0039,2.82942,0.5377,106070,2072777532
10/21/2024,ProShares Bitcoin ETF,BITO,19.2597,19.5416,-1.44256,-0.2819,104070,2004356998
10/22/2024,ProShares Bitcoin ETF,BITO,19.1769,19.2597,-0.42991,-0.0828,100370,1924785472
10/23/2024,ProShares Bitcoin ETF,BITO,18.8514,19.1769,-1.69735,-0.3255,100370,1892115037
10/24/2024,ProShares Bitcoin ETF,BITO,19.3905,18.8514,2.85973,0.5391,103470,2006335054
10/25/2024,ProShares Bitcoin ETF,BITO,18.9558,19.3905,-2.24182,-0.4347,103030,1953016093
10/28/2024,ProShares Bitcoin ETF,BITO,19.8077,18.9558,4.49414,0.8519,105080,2081393136
10/29/2024,ProShares Bitcoin ETF,BITO,20.6665,19.8077,4.33569,0.8588,107080,2212968841
10/30/2024,ProShares Bitcoin ETF,BITO,20.4427,20.6665,-1.08291,-0.2238,105230,2151185341
10/31/2024,ProShares Bitcoin ETF,BITO,19.8629,20.4427,-2.83622,-0.5798,105230,2090172987
11/01/2024,ProShares Bitcoin ETF,BITO,18.6767,19.8629,-5.97194,-1.1862,106230,1984025860
11/04/2024,ProShares Bitcoin ETF,BITO,18.1292,18.6767,-2.93146,-0.5475,107470,1948345142
11/05/2024,ProShares Bitcoin ETF,BITO,18.7146,18.1292,3.22904,0.5854,107230,2006766577
11/06/2024,ProShares Bitcoin ETF,BITO,20.5966,18.7146,10.05632,1.882,110790,2281897335
11/07/2024,ProShares Bitcoin ETF,BITO,20.6801,20.5966,0.40541,0.0835,111130,2298179534
11/08/2024,ProShares Bitcoin ETF,BITO,20.7332,20.6801,0.25677,0.0531,109910,2278786033
11/11/2024,ProShares Bitcoin ETF,BITO,23.5144,20.7332,13.41423,2.7812,111380,2619033896
11/12/2024,ProShares Bitcoin ETF,BITO,24.148,23.5144,2.69452,0.6336,113070,2730414384
11/13/2024,ProShares Bitcoin ETF,BITO,24.1948,24.148,0.1938,0.0468,114270,2764739820
11/14/2024,ProShares Bitcoin ETF,BITO,23.5702,24.1948,-2.58155,-0.6246,111520,2628548728
11/15/2024,ProShares Bitcoin ETF,BITO,24.666,23.5702,4.64909,1.0958,108020,2664421345
11/18/2024,ProShares Bitcoin ETF,BITO,24.6875,24.666,0.08716,0.0215,107610,2656621900
11/19/2024,ProShares Bitcoin ETF,BITO,24.9585,24.6875,1.09772,0.271,108210,2700759310
11/20/2024,ProShares Bitcoin ETF,BITO,25.411,24.9585,1.81301,0.4525,108730,2762938055
11/21/2024,ProShares Bitcoin ETF,BITO,26.4852,25.411,4.2273,1.0742,108240,2866758074
11/22/2024,ProShares Bitcoin ETF,BITO,26.6951,26.4852,0.79252,0.2099,107650,2873727542
11/25/2024,ProShares Bitcoin ETF,BITO,25.4724,26.6951,-4.58024,-1.2227,107500,2738283025
11/26/2024,ProShares Bitcoin ETF,BITO,24.4213,25.4724,-4.12643,-1.0511,108420,2647757370
11/27/2024,ProShares Bitcoin ETF,BITO,26.0179,24.4213,6.53774,1.5966,105580,2746969908
11/29/2024,ProShares Bitcoin ETF,BITO,26.1361,26.0179,0.4543,0.1182,104730,2737233779
12/02/2024,ProShares Bitcoin ETF,BITO,24.6994,26.1361,-5.49699,-1.4367,105110,2596153959
12/03/2024,ProShares Bitcoin ETF,BITO,24.6768,24.6994,-0.0915,-0.0226,104700,2583660985
12/04/2024,ProShares Bitcoin ETF,BITO,25.5418,24.6768,3.50532,0.865,105040,2682910698
12/05/2024,ProShares Bitcoin ETF,BITO,25.5113,25.5418,-0.11941,-0.0305,102940,2626133248
12/06/2024,ProShares Bitcoin ETF,BITO,26.1949,25.5113,2.6796,0.6836,102600,2687596766
12/09/2024,ProShares Bitcoin ETF,BITO,24.7535,26.1949,-5.5026,-1.4414,101290,2507282040
12/10/2024,ProShares Bitcoin ETF,BITO,24.8031,24.7535,0.20038,0.0496,101290,2512306024
12/11/2024,ProShares Bitcoin ETF,BITO,26.13,24.8031,5.34973,1.3269,101250,2645662526
12/12/2024,ProShares Bitcoin ETF,BITO,25.6862,26.13,-1.69843,-0.4438,99700,2560914166
12/13/2024,ProShares Bitcoin ETF,BITO,26.1773,25.6862,1.91192,0.4911,99680,2609353290
12/16/2024,ProShares Bitcoin ETF,BITO,27.2697,26.1773,4.17308,1.0924,98480,2685520083
12/17/2024,ProShares Bitcoin ETF,BITO,27.4332,27.2697,0.59957,0.1635,97270,2668427391
12/18/2024,ProShares Bitcoin ETF,BITO,25.8173,27.4332,-5.89031,-1.6159,97770,2524157447
12/19/2024,ProShares Bitcoin ETF,BITO,24.7006,25.8173,-4.32539,-1.1167,96360,2380149841
12/20/2024,ProShares Bitcoin ETF,BITO,24.7449,24.7006,0.17935,0.0443,96640,2391347161
12/23/2024,ProShares Bitcoin ETF,BITO,22.784,24.7449,-7.92446,-1.9609,98720,2249236503
12/24/2024,ProShares Bitcoin ETF,BITO,24.2649,22.784,6.49974,1.4809,98720,2395430952
12/26/2024,ProShares Bitcoin ETF,BITO,23.3469,24.2649,-3.78324,-0.918,99990,2334456554
12/27/2024,ProShares Bitcoin ETF,BITO,23.063,23.3469,-1.21601,-0.2839,102620,2366725083
12/30/2024,ProShares Bitcoin ETF,BITO,22.979,23.063,-0.36422,-0.084,102950,2365688073
12/31/2024,ProShares Bitcoin ETF,BITO,22.7807,22.979,-0.86296,-0.1983,103330,2353929754
01/02/2025,ProShares Bitcoin ETF,BITO,23.7667,22.7807,4.32823,0.986,103110,2450584461
01/03/2025,ProShares Bitcoin ETF,BITO,24.0238,23.7667,1.08177,0.2571,102080,2452349528
01/06/2025,ProShares Bitcoin ETF,BITO,24.9744,24.0238,3.95691,0.9506,102080,2549386777
01/07/2025,ProShares Bitcoin ETF,BITO,23.4356,24.9744,-6.16151,-1.5388,102580,2404023871
01/08/2025,ProShares Bitcoin ETF,BITO,22.8184,23.4356,-2.6336,-0.6172,102160,2331127767
01/10/2025,ProShares Bitcoin ETF,BITO,23.0633,22.8184,1.07326,0.2449,102160,2356146751
01/13/2025,ProShares Bitcoin ETF,BITO,22.7492,23.0633,-1.3619,-0.3141,102660,2335432895
01/14/2025,ProShares Bitcoin ETF,BITO,23.4788,22.7492,3.20715,0.7296,102660,2410333631
01/15/2025,ProShares Bitcoin ETF,BITO,24.2454,23.4788,3.26507,0.7666,102660,2489032788
01/16/2025,ProShares Bitcoin ETF,BITO,24.4026,24.2454,0.64837,0.1572,102360,2497850160
01/17/2025,ProShares Bitcoin ETF,BITO,25.5189,24.4026,4.57451,1.1163,102360,2612114630
01/21/2025,ProShares Bitcoin ETF,BITO,25.7924,25.5189,1.07175,0.2735,101310,2613028070
01/22/2025,ProShares Bitcoin ETF,BITO,25.3179,25.7924,-1.83969,-0.4745,102510,2595337954
01/23/2025,ProShares Bitcoin ETF,BITO,25.0729,25.3179,-0.96769,-0.245,102620,2572981023
01/24/2025,ProShares Bitcoin ETF,BITO,25.4783,25.0729,1.61689,0.4054,102340,2607449247
01/27/2025,ProShares Bitcoin ETF,BITO,24.607,25.4783,-3.41977,-0.8713,103560,2548300945
01/28/2025,ProShares Bitcoin ETF,BITO,24.5474,24.607,-0.24221,-0.0596,103560,2542128769
01/29/2025,ProShares Bitcoin ETF,BITO,25.3033,24.5474,3.07935,0.7559,103400,2616361245
01/30/2025,ProShares Bitcoin ETF,BITO,25.4564,25.3033,0.60506,0.1531,103730,2640592397
01/31/2025,ProShares Bitcoin ETF,BITO,24.5866,25.4564,-3.41682,-0.8698,103730,2550368043
02/03/2025,ProShares Bitcoin ETF,BITO,23.6205,24.5866,-3.92938,-0.9661,103820,2452280334
02/04/2025,ProShares Bitcoin ETF,BITO,22.9789,23.6205,-2.71628,-0.6416,104620,2404052541
02/05/2025,ProShares Bitcoin ETF,BITO,22.6392,22.9789,-1.47831,-0.3397,105220,2382096647
02/06/2025,ProShares Bitcoin ETF,BITO,22.5465,22.6392,-0.40947,-0.0927,105670,2382488678
02/07/2025,ProShares Bitcoin ETF,BITO,22.2479,22.5465,-1.32437,-0.2986,106970,2379857885
02/10/2025,ProShares Bitcoin ETF,BITO,22.6439,22.2479,1.77994,0.396,107980,2445088345
02/11/2025,ProShares Bitcoin ETF,BITO,22.1228,22.6439,-2.30128,-0.5211,107980,2388819966
02/12/2025,ProShares Bitcoin ETF,BITO,22.5811,22.1228,2.07162,0.4583,107980,2438307201
02/13/2025,ProShares Bitcoin ETF,BITO,22.3777,22.5811,-0.90075,-0.2034,108510,2428204249
02/14/2025,ProShares Bitcoin ETF,BITO,22.6188,22.3777,1.07741,0.2411,108430,2452556507